tf9791,cherries
jl7014,watermelon
le6920,limes
rv7691,strawberries
dp3767,bananas
cj5995,blueberries
cb9579,blueberries
ns5093,cantaloupe
ea2362,oranges
eb5255,pears
va5205,blackberries
pg5187,apples
nt3830,nectarines
zm7773,cantaloupe
aa3635,peaches
gq1857,strawberries
cj4826,bananas
ss7796,mangoes
kh6525,cantaloupe
em6342,blueberries
mv5713,cherries
cr3435,apples
et8468,lemons
kd3981,blueberries
nc6544,blueberries
ss8206,nectarines
rt2369,grapes
ed8025,limes
sv1580,nectarines
lh1684,pears
sd8565,strawberries
sl5113,blueberries
to1764,pineapple
za5138,blueberries
as6087,grapes
jf5481,lemons
ct6118,apples
bf5858,lemons
kh2178,pineapple
ke9809,grapes
ms7182,nectarines
jg3898,grapes
kl3594,oranges
hh6197,mangoes
ss9474,cherries
mh7503,cantaloupe
ll8602,watermelon
tb7808,peaches
vb5546,watermelon
fr7797,bananas
ms4068,apples
js9661,apples
af4119,mangoes
dl4957,lemons
hf5732,plums
jl7685,mangoes
yn1604,plums
ss7780,grapes
jt1679,blueberries
ki6369,pears
tm4557,strawberries
aa7682,oranges
tm2962,nectarines
ir8210,blackberries
ms2774,grapes
rl2723,pineapple
md1531,blueberries
mm4410,blueberries
sk3136,oranges
cm5476,cherries
ha6596,lemons
em4039,plums
kd2819,plums
ks8741,strawberries
ah6921,cherries
kh8580,blackberries
bl4506,pears
ab6682,blueberries
sw1627,plums
kg6895,watermelon
sl1103,apples
hc2715,mangoes
lb6537,watermelon
iv1937,cherries
kr5440,bananas
cv6864,blueberries
ac6862,blueberries
kd1687,oranges
ob1677,mangoes
lc1719,lemons
hm4613,bananas
pn6476,pineapple
eh8754,bananas
ch5588,oranges
la3575,pineapple
ja2835,avocados
ss4971,pears
mg3709,grapes
lp5316,pineapple
bp3927,limes
ck6631,blackberries
gn9032,pears
bh9024,pears
hc7272,pears
te4601,grapes
kh8554,strawberries
ea9706,apples
ss5147,peaches
ar1234,watermelon
sb2070,avocados
hl4334,cherries
sh1812,grapes
as6776,watermelon
ep2733,blueberries
sw1503,apples
te5716,avocados
km8070,cantaloupe
vm6157,plums
ao3126,watermelon
sn2906,limes
it7859,pineapple
lo9172,peaches
rb1199,nectarines
lb9793,pears
lh3746,lemons
nf9406,avocados
mb7025,pineapple
av6278,grapes
nw8452,strawberries
oa8662,bananas
zr2147,strawberries
kc5342,nectarines
fk8562,lemons
ac9610,cantaloupe
bp9632,mangoes
mz5274,cantaloupe
ad8840,lemons
ai6787,pineapple
km2044,limes
jg1832,lemons
lb3434,strawberries
pp7804,bananas
mw8680,pineapple
af6595,strawberries
of2579,blackberries
vr3039,apples
kt1171,grapes
ac6547,plums
kh3231,watermelon
tb4082,pineapple
kb9704,grapes
lt1642,oranges
ks6718,avocados
yb2314,bananas
rr7327,grapes
nm7709,blueberries
is7366,cherries
lz5738,cherries
vw5128,grapes
jg2821,pears
ab9587,grapes
lg3039,mangoes
mr7106,avocados
kz8917,pineapple
ra4080,apples
kp9593,peaches
mh6680,watermelon
nm8153,avocados
es9556,pineapple
ak9914,nectarines
jt5233,pears
kw7303,raspberries
ml5143,avocados
zf4826,nectarines
mf2546,blackberries
gc5055,peaches
pc1695,raspberries
ih2252,strawberries
mc6355,nectarines
sb8481,peaches
ba9977,strawberries
ch2788,nectarines
vh1735,raspberries
bd7901,mangoes
he9524,apples
yg7182,mangoes
ld5174,raspberries
dt2101,lemons
oa6363,grapes
cb5292,pineapple
rf4069,blackberries
kb5187,grapes
mc4484,peaches
db4971,nectarines
rg4313,pineapple
zc6139,nectarines
ld8106,apples
fb1545,cantaloupe
lj7569,blueberries
bc9465,apples
hw6372,plums
bv5321,avocados
sm3300,cantaloupe
iw4405,apples
cs8018,avocados
mw7455,peaches
ef7205,cantaloupe
lc7706,plums
sm6327,avocados
sd9537,blackberries
et5686,grapes
jd1755,watermelon
zl4896,watermelon
ta4086,cherries
mg3096,apples
ro9508,limes
fr4161,oranges
eb9011,blueberries
jd8467,watermelon
to4378,bananas
ap8236,oranges
kl6102,blackberries
im6246,pears
ad6083,blueberries
mk3045,cherries
ts7567,apples
am6635,cantaloupe
js7377,pineapple
ns4454,mangoes
al8651,bananas
dc2661,cantaloupe
cl8842,pears
ms9909,raspberries
mj3502,grapes
sl9883,nectarines
jm3819,peaches
jz9329,raspberries
ph4745,nectarines
ew5882,lemons
ag9146,bananas
me5460,plums
as7834,mangoes
pg9901,pineapple
ml6088,blueberries
jh9941,cantaloupe
lv7964,watermelon
gh1349,plums
lt2221,blueberries
jc7127,cherries
li4261,blackberries
lc9887,watermelon
ev7981,lemons
ag7352,apples
ls1938,blueberries
ie5562,oranges
ch7648,grapes
gg8144,nectarines
at3803,blackberries
js2533,pears
ms2428,limes
sd8683,watermelon
cd4874,blueberries
od9206,apples
vm3053,avocados
nk1094,nectarines
kw2672,grapes
ar7632,plums
ss2124,nectarines
mt3129,oranges
zb7122,lemons
vv8913,mangoes
fm1613,avocados
hp2741,grapes
tp1195,oranges
ab5909,avocados
rm5124,grapes
de6684,bananas
kr9717,apples
hp6473,cherries
tp8863,lemons
eo8017,strawberries
sf2420,grapes
sr8509,raspberries
zk5487,apples
ah4131,peaches
ms5726,lemons
tc7298,strawberries
yr4710,plums
sm5905,cherries
ss7295,blackberries
ss6452,strawberries
mf1913,apples
ak7148,blueberries
mf8038,grapes
ap1141,strawberries
as2934,grapes
gr5032,avocados
sm4981,plums
ls3614,plums
ka1794,pineapple
ml7728,apples
es9557,avocados
rc1895,grapes
yd4659,pineapple
qc5769,blueberries
ly2948,cantaloupe
rb2184,raspberries
tr9863,cantaloupe
ak5516,blackberries
as8911,apples
eb9576,pears
sd6446,avocados
th1156,plums
sp2173,lemons
rm8620,nectarines
vl2567,lemons
bc2399,pears
sc7783,mangoes
rb9928,apples
mt9480,plums
lc6839,blackberries
lf9492,oranges
ac6800,watermelon
fc2311,pears
sk8399,strawberries
xs2165,limes
dm4136,raspberries
zs6076,mangoes
kr5749,grapes
ot2433,mangoes
te4444,blackberries
bb7891,cherries
jc2531,nectarines
fg4643,bananas
jd6860,blueberries
ya9369,cantaloupe
mw3954,nectarines
kb4328,bananas
lv5595,avocados
jb9579,peaches
er5419,nectarines
lf9764,cherries
kw5300,peaches
vk2563,bananas
lv8524,strawberries
il2131,watermelon
is6856,watermelon
nm6559,cantaloupe
an1825,pineapple
rs8771,blueberries
aa6585,grapes
dg2637,grapes
vs9839,peaches
sg5444,peaches
lf1473,lemons
zw4422,blueberries
lc9442,plums
sd6787,plums
ls4473,limes
xl5568,blueberries
lb6302,pears
kf1935,blackberries
nb5444,oranges
gf7084,strawberries
zh2223,bananas
hk6498,mangoes
po6872,apples
hr5817,pineapple
sa3320,peaches
mm7036,avocados
as3222,bananas
jc2584,mangoes
dz6181,lemons
eu1124,pears
ks2461,raspberries
rs9511,watermelon
pj6715,peaches
sd6959,cantaloupe
cg3934,bananas
kp8354,blackberries
dh4900,watermelon
il7106,blackberries
lm7788,watermelon
mm1552,pineapple
cm1201,bananas
sp2958,cherries
cc9922,avocados
jw5806,lemons
jb3882,plums
lv2678,strawberries
yf8526,raspberries
ns4566,strawberries
yh7928,lemons
ab1438,pears
ms5107,plums
dm3433,bananas
ap3060,watermelon
kk4843,raspberries
hs5276,limes
aw5979,oranges
tk6694,cherries
bg4640,avocados
lp9103,blackberries
ms4410,oranges
ke3311,apples
kn6173,nectarines
ep4915,lemons
mb6570,strawberries
sa7462,grapes
cd1237,nectarines
nn8319,grapes
nf2641,cantaloupe
jr9464,blackberries
ct7983,cherries
np3953,cantaloupe
jh7771,grapes
zo8103,watermelon
is8483,plums
cg4767,bananas
rc6734,mangoes
au1517,blueberries
bs1035,blueberries
ks5235,raspberries
cd7133,lemons
db6949,peaches
cu7369,peaches
nm5139,grapes
je7690,strawberries
am7455,strawberries
kg4853,watermelon
el6118,pears
ml3539,apples
mc9689,blackberries
ec7696,peaches
kf6801,blackberries
cb6253,watermelon
cn8927,strawberries
vq1361,cantaloupe
ab6761,raspberries
fm8577,peaches
vr5524,mangoes
kk1077,cherries
mt5758,cherries
lh3484,grapes
eg8550,raspberries
as1352,avocados
gp2545,watermelon
ed7949,cherries
mc9089,cantaloupe
hc4749,oranges
ic9003,avocados
zm7548,limes
zc5225,strawberries
zo5426,bananas
bk5020,bananas
rb7453,pears
mj6867,cherries
zs2770,peaches
ac5978,nectarines
sm4904,mangoes
lm1032,oranges
ks5536,pears
nw8417,blackberries
nr7542,bananas
lb5209,pears
bm3916,plums
tf8044,nectarines
jw8125,plums
zm3367,watermelon
am7383,limes
jf2169,plums
ag6537,lemons
ka9996,cantaloupe
ad8259,raspberries
sh4365,blueberries
ao7235,bananas
fh5045,watermelon
cw9982,mangoes
ac9399,peaches
kp1249,grapes
ar3062,nectarines
pd9380,oranges
tp9505,cantaloupe
bv8384,peaches
ar6205,pears
sm9063,plums
cv9207,mangoes
al4659,blueberries
er7949,pineapple
em8008,strawberries
lv8324,oranges
es2727,plums
tn4086,grapes
ea9272,pears
sl1013,pineapple
av4676,blueberries
kg7388,limes
cw5550,blackberries
kb9569,pears
lv7268,raspberries
tl8021,strawberries
ds7380,watermelon
kp5265,pineapple
wp3130,grapes
ks5974,peaches
aa6480,avocados
aj9758,oranges
kt9159,strawberries
rs7046,raspberries
kt7151,cantaloupe
rt7828,avocados
ag9728,raspberries
ka7047,strawberries
yd3901,watermelon
nd6976,pineapple
lh9876,avocados
aw9543,apples
yh6626,pineapple
ar1092,blueberries
dp7280,limes
yc4721,blackberries
cm9452,grapes
mt2826,grapes
cr7569,cantaloupe
ed1210,grapes
av3724,lemons
tn4862,lemons
ac3739,raspberries
dr7965,limes
rc7690,mangoes
kr3532,peaches
dr7415,limes
zk6691,cherries
cs6361,grapes
fd5399,avocados
cg7092,avocados
rh3341,nectarines
ms7215,peaches
rr1633,limes
ep8033,watermelon
kc6643,cherries
dd7362,nectarines
nm6497,limes
al7545,oranges
nh5947,mangoes
jf6632,watermelon
bb1487,peaches
oc6537,bananas
bv1262,grapes
gz5723,apples
bl7601,pineapple
mp9736,limes
gr4335,strawberries
cm2040,raspberries
af3494,lemons
jb4658,watermelon
zl7779,nectarines
pc8180,strawberries
mm8876,watermelon
mm2002,nectarines
mh2087,peaches
sg7489,strawberries
ht7802,blueberries
mb9729,watermelon
ha6996,blueberries
ss9391,mangoes
gs8067,limes
aw5372,avocados
dw8366,limes
aw8460,oranges
le1499,peaches
hs1019,nectarines
av4744,apples
co2984,raspberries
ss8849,nectarines
ap2523,apples
yb5571,avocados
ap1001,lemons
mp4610,watermelon
jl9102,raspberries
ds2403,nectarines
ep8568,cantaloupe
lw4980,watermelon
zr3183,pears
mb6872,cherries
kt7685,blueberries
ls4461,bananas
ln5278,watermelon
dm9578,grapes
nr1483,avocados
cl3910,blackberries
