am5524,antonin,murga,bf10b324e7b2338e0ac4246ad0fd4b51  -,,,,,,,,
bm9749,baldomero,marvel,892a714931203ba5e46e2e1f1ef4cc54  -,,,,,,,,
el7634,exodus,lappe,67eb68df6577148f863af0bc3625ee1a  -,,,,,,,,
gc2142,gianno,callihan,90a4ffadd081f487012cfdf28fc877da  -,,,,,,,,
mv3817,mouctar,vigeant,2e6d26e794ffc9d52d02e11c39e7f665  -,,,,,,,,
ks8827,kalem,stlouis,d376fb20a9268890a5baa19dc89d9c20  -,,,,,,,,
jp8557,jiho,pressnell,c284b54ba4d204c332892f55b2305a26  -,,,,,,,,
ic6794,icarus,costantino,e5b67590fdcb635fcfb3e650f418113c  -,,,,,,,,
an2360,arcangel,nevills,d651664101ff9e50fc9f5ee5770ecd12  -,,,,,,,,
zs6875,zavior,shunk,69a1019d17a90f3d8861ffa2ed448413  -,,,,,,,,
dk9495,dallyn,knebel,aca1cd7062aee9663c42bc7ccfe8f6e2  -,,,,,,,,
nb3160,najib,baten,40e7e15941db5d01511c862c553c759a  -,,,,,,,,
bt8360,brayner,tull,ba30760612a1de280dd97e3d43ff2d18  -,,,,,,,,
dm1994,deshawn,matheson,72715ebd8646915a0e5eb4ec9b027290  -,,,,,,,,
ks7766,kyere,solley,51f09555638283eae16e347c779317ee  -,,,,,,,,
rb5821,riyaz,burd,a47945e7446129c3523ff7ce91c10885  -,,,,,,,,
jl8034,jehu,lagreca,72ab514cc1e7b488df7b86a84dec6797  -,,,,,,,,
os7312,odera,stasko,7807026b280e561ba632634e980ad7ae  -,,,,,,,,
ev9375,eston,vanderford,5eb34df55784eda4bfb8da5fdd02a0eb  -,,,,,,,,
bc6408,bryton,chaffee,0b716ba86f8162ff056677b6adb219ba  -,,,,,,,,
am4516,alon,mahony,91c9e197c3e8a011df73a89c15f50b07  -,,,,,,,,
ll4733,lonzo,langan,b364d60913e701d494e176f912f59412  -,,,,,,,,
lc3973,leif,chapdelaine,7b85304a95811c68b541c3f9bd03ec6e  -,,,,,,,,
mk6202,mohammed,keech,f428618e8dd1bcebe96676ba872ac89e  -,,,,,,,,
lo3607,lihan,ormsby,32b28717156d7b26b2306c79cf225842  -,,,,,,,,
vl2872,virgilio,lucus,7bbf731b649252d7de95dace913dbdac  -,,,,,,,,
am1972,aemon,myler,500cba1ecbcd353806145de21a634ba3  -,,,,,,,,
sk3475,siddarth,kirk,4a7590a04287f3bd1a747238c4b59413  -,,,,,,,,
tz6647,tayvien,zubiate,60ed3242a8005b37722d252f2017977a  -,,,,,,,,
yr3940,yuvansh,rhodes,9e57204d80c2524f98cd820009d78ca7  -,,,,,,,,
tm8970,theseus,markert,171255d37021dff63d836edb721c9faa  -,,,,,,,,
em4452,ezeriah,mcfaul,e791f45829a58ff1212cac4c93c98363  -,,,,,,,,
rb5445,ruxin,battersby,e7de27d113637a1e2fde6127669d2dab  -,,,,,,,,
tm7987,taeden,moen,07035a8a0d2288f9456649b44ba0c256  -,,,,,,,,
zf2650,zan,fierros,10ad0c03c901d620e5c21997703af421  -,,,,,,,,
ns1882,nadeem,seraphin,3067759a71cfaa03098eafcaff8ac946  -,,,,,,,,
bl4095,baer,lafontaine,3844bb3dac30b0dd1a3d4353ee8989ec  -,,,,,,,,
og8110,ozwald,guenthner,96709bce562f3bb3ef18ff728d301d35  -,,,,,,,,
db6636,dymir,barg,1696bf2380f71bbc1906738bcf25cef4  -,,,,,,,,
tc1253,taysom,chapple,b1cde6ab5ace61c2d9ba2c62e11c4776  -,,,,,,,,
sa1179,sayvon,askin,321a93002a0180ad03809a6304547c50  -,,,,,,,,
rl6393,rashaud,layfield,6081daf48662a0ec28aa8219f52bed52  -,,,,,,,,
bc3476,bohden,cashion,921bcc26d9a3bff0339f1e7423235b36  -,,,,,,,,
fy2002,ford,yorke,b6ec18b0281e9530a2966b95c5a2d54d  -,,,,,,,,
ac9338,adrin,colocho,b7c2082d7ac51de7dbb042fbefc8ec16  -,,,,,,,,
kv6228,kayn,vallejos,043a6eba4cfe0fa4ca3c5dca7abb68aa  -,,,,,,,,
jm3556,jahlani,mitchener,3a478a21c8f452329492129ef8d51a0e  -,,,,,,,,
fg5156,franklyn,gebhart,73dd971e4a7cde9d3e9f5b52c57a6ffc  -,,,,,,,,
jn2101,josedavid,northrup,a4b9ca186ab358056fb0cead3265c1ae  -,,,,,,,,
kr8435,kenard,rigney,e3abc50708b2a0285f98ce5114b04391  -,,,,,,,,
mw6233,markos,waltz,8c42690a259e7647b2fda5cc1ed17ed7  -,,,,,,,,
dl5318,donta,lankford,3d66b845d252664af4945282954fc74b  -,,,,,,,,
jh8011,jaxen,honer,b42cda5f51d3947a880d803e7c9de25c  -,,,,,,,,
cl4679,caston,luthi,eb77502902e4c124f40548e7da8d89a5  -,,,,,,,,
yh8507,yidel,heal,850ddb53fc44b9e4f9d4156fb7dda64d  -,,,,,,,,
mm2453,mohamedali,marquina,27bcf9be058f7396aea7a6961a01b8eb  -,,,,,,,,
ew4782,elan,wyche,5ac0c7abd3442e589a9f8b88c4877a8c  -,,,,,,,,
dr4246,delrico,raghavan,b5916534ef17a1438b58abae9f848343  -,,,,,,,,
kv9368,kartell,vlach,d2c24cdefb0c7fbb1059bb8e31f3e4de  -,,,,,,,,
gf9088,gaetano,frain,f9a227c630287e6a0c49e3c0ec8ef096  -,,,,,,,,
rl4950,raeden,ludden,f26a06a3b6efbce794c09d6720beb2bb  -,,,,,,,,
bi7595,brogan,ivery,4e9982a57807dab46b11eb4d7aa779ee  -,,,,,,,,
da9768,dawayne,arterburn,7c25435ebb8ea88373d2755d1129f40e  -,,,,,,,,
dt8561,dishan,tringali,a42a932abcf9a41cd65dbfa074a16100  -,,,,,,,,
bt2828,bayan,tauer,6cc83583a9deea56aa3ef1b90c065d73  -,,,,,,,,
rt9302,reynolds,thrush,b5267be2f5b4eb735ec4f7d1ec23724d  -,,,,,,,,
ah7642,aaryansh,hase,2f64c9349e2aaf716f3bcdfe05c813d8  -,,,,,,,,
mk4752,myshawn,krentz,997e5dcb45867ab26fef01785b067809  -,,,,,,,,
ab1508,amani,bosquez,734d6e8deca87477b4bfa028de84e1f3  -,,,,,,,,
tp9251,tadgh,pieri,f354c3999544b7f3828c7c6116a6ab1c  -,,,,,,,,
cw7998,clarkson,wyles,8bb9e30e16f9e73475638e233fde8b00  -,,,,,,,,
mf3077,mato,fenster,3a431c40524b110d4c457dc8771e5cdc  -,,,,,,,,
kl4372,kairan,leal,c5c59d2862aa8039b23221abb7d869fd  -,,,,,,,,
uw8224,urban,wagers,435e7d77407a7f4fdc12ceb14af3ea67  -,,,,,,,,
nt6672,nabeel,topete,9647cd63b2b46da28cc097d7007da0a5  -,,,,,,,,
kb9072,kashden,beamish,1aab69dca9a159c4f68ba29e482d7be5  -,,,,,,,,
tb7113,tai,boy,a5801fba17deabd7a38d08928d084dd7  -,,,,,,,,
tb5419,taylan,boyer,3f26296226c0ff755afac4cee0fdf8c4  -,,,,,,,,
es7883,eastin,sims,fc8a829a81d11db08198080e1a3886e0  -,,,,,,,,
st2519,strider,ton,b9c7ed6ec7a7f83c00a55cde33cadd15  -,,,,,,,,
bp1527,bronson,pingree,f6da012157ae60a1e6dc1d96bef1b56a  -,,,,,,,,
sw9187,sutton,whitehurst,68f2ffa9bbd5c93657e851d75e3a8142  -,,,,,,,,
cs4506,caden,scranton,e1e7dd290e7e9adbeab5ed1898bbbb1a  -,,,,,,,,
ea1764,elios,albornoz,81220c0f67e28d8b8ad1e877dc8ac94c  -,,,,,,,,
jj8406,jeremiyah,jacobo,0fa0b2bc2678a268dca0c46115a8fa69  -,,,,,,,,
dd1414,donte,dogan,f9dfab54cf41dafed50475a5dbcbb9c7  -,,,,,,,,
tp6211,taren,parfait,a2571e66c7102b3d11a31066e98f42a7  -,,,,,,,,
kd6627,kacion,danielsen,231eb9273a7fad04079eaa4345460f51  -,,,,,,,,
rc1599,rebel,check,22b37be21b90a2e90d0f72005717a3a9  -,,,,,,,,
ac2721,anil,coonce,ded46b69b0e516e831b451bfc3ee8db1  -,,,,,,,,
jy1101,javarious,yeats,81e827cafb6ed57646ece8318ba70641  -,,,,,,,,
aw4970,arjun,winters,309f2302b177f2226905dbdc27c1f3cb  -,,,,,,,,
sf9958,sabian,first,431835eeb939227b43f9784176b5dc27  -,,,,,,,,
ca1461,cylas,arai,ce16a5c8dda7d00a4f07322e88dd2fc3  -,,,,,,,,
ad5851,awad,dorsey,d695ba9bf43d7b1d76de698b5b29be9d  -,,,,,,,,
ka8900,kashdon,angeles,827d1777fa43e5c879de823b8dfab437  -,,,,,,,,
bs8741,bryshon,sager,de5b66346e6936d99daca99680b71c40  -,,,,,,,,
bs2855,boone,stoughton,38e3406d411538164522ccbebbee8c46  -,,,,,,,,
rb3827,raiyan,brailsford,68a1667021f7e134e963af82466ac27c  -,,,,,,,,
cd3781,codie,drolet,27280efb9f4c94b163b5867e3b360786  -,,,,,,,,
ml5642,mishael,leventhal,96a0ff6518e6a0ea212b6d4e6a4a704d  -,,,,,,,,
kt2770,kiser,toops,9392a34bd9df0c2688a48b81cfc69498  -,,,,,,,,
dr3555,diyan,riedl,c65c10b0a6822a3aec6b2915ea8e39e9  -,,,,,,,,
kc3592,kaidynce,crombie,feea4a8bd9b7fcc71d81ef66d64efb0e  -,,,,,,,,
ch8600,cope,hudspeth,f39d86887048c03012169c491d8bf90a  -,,,,,,,,
el9292,euan,leibowitz,d39dedf735ac4d982e4aa3165860e04b  -,,,,,,,,
lm4863,lang,mullenix,0d92ca03feac55c693243f595fd94af8  -,,,,,,,,
cp2617,chadwick,porath,8b5ee0a6568d12ca7f4ce2b483361f0a  -,,,,,,,,
sc8796,sadiq,cayton,93c60919e284b246a1b30948215b7485  -,,,,,,,,
dd1611,dimari,danek,bd9134bf671671e92077e3590de26e16  -,,,,,,,,
jw3928,joe,weatherman,edc8af7ac4dfe3faaa297e0b2dbd94cb  -,,,,,,,,
kw8956,kyzier,watts,db4abc59f059876706c7e902d376fb51  -,,,,,,,,
gb6038,gorden,byars,81d1157a8cc323995b6ceb665e6d49b8  -,,,,,,,,
sh5016,solomon,hille,4f2e9546a564bf4b5ed2083fc530971a  -,,,,,,,,
rw6558,reagan,wakeman,40db0ac16729d82b4519b30ba47ac007  -,,,,,,,,
jc4930,javonte,channel,4a03a2e667a96d5fc954b8f807ac52bf  -,,,,,,,,
av7759,aloniab,velis,e5d4dbe10fc79ea2d914b3ce94727dfa  -,,,,,,,,
sr7445,samarth,ringel,896a891f1230bf8cc8e3b69c0185e42a  -,,,,,,,,
pg8821,pranit,gresko,90220d8d084a2aa7b720699bab9f981d  -,,,,,,,,
db1055,darby,barcenas,19799ac94cf98f600945a80ec6ee2543  -,,,,,,,,
hb6182,hud,bramblett,896c885837d5ba7b768a4af1c03a820d  -,,,,,,,,
jl4182,jyaire,landis,702724ca321a6859a2d4453a031a430e  -,,,,,,,,
lk7535,lofton,kerins,5cd65c68b2bfd9f227d96147c28d7321  -,,,,,,,,
cs1163,chistopher,seelig,7f0b850caf86861948cacebe1ec5064b  -,,,,,,,,
jm3909,jerahmeel,micciche,f6c4fb121ffb749df09fedc7beebd7bb  -,,,,,,,,
ml2943,matt,linan,35f201f47628e6a1478ad907ab305ec4  -,,,,,,,,
tm3562,trashawn,machuca,d2c1aead45d94ee4e00328e0a79a19ae  -,,,,,,,,
sa2940,scarlett,albino,85cf1f16a35ec5a92cebe87fa2ac1027  -,,,,,,,,
tt5286,trayce,tumblin,87df1e1224fcfa993e7fbda2110326e6  -,,,,,,,,
zc7068,zeal,connell,801cbae15cd9b3d6c64e3c1aa53baf2b  -,,,,,,,,
kb1083,kojo,brooking,7a21ebca2db465812954a6b230cc5760  -,,,,,,,,
kr5370,kourtney,record,6923e2d27db9bf481ea25ddf3c7e503f  -,,,,,,,,
ko9866,khepri,ortiz,1e68c978ec7bbf7c0878cfb6a5649eeb  -,,,,,,,,
tr4799,tovia,ragin,bc51ad7ed43dde944f3889c278f6afdd  -,,,,,,,,
ns6008,nnamdi,silvers,330f636c3c0a6cc1399ca58125f791f0  -,,,,,,,,
lb2095,luisangel,blackburn,5ffe24b8f03ff9db67417a953f77c78e  -,,,,,,,,
lt1286,leam,tinker,d70db5ed1560a4366d5a42688fbe21fb  -,,,,,,,,
ts8296,tyrel,sekula,f4e6e09aad0f23b349753d22561f8a67  -,,,,,,,,
cb1864,callan,birkeland,278d56f84b864ad156f06c4f9b1d436a  -,,,,,,,,
tm3808,trayvon,mcvicker,abf2c46d3902b9c6c888cef3a57a024c  -,,,,,,,,
hm2491,hewitt,murphree,e53160c2947f6503a4a107f53cd387c8  -,,,,,,,,
fb2923,fulton,burstein,738a78a9fbc409e1f776e0eef4e4a349  -,,,,,,,,
dd4319,daris,danielson,0d20be74859c341f9c21de16de93a27b  -,,,,,,,,
rw8593,ricardo,wedgeworth,a0a8a86526403217420104a16902265f  -,,,,,,,,
ar7921,aslam,rooney,9eda034fd5242ad2d2eafe5424ed200f  -,,,,,,,,
zc7682,zidaan,croskey,72ba03e8cec060010844a10d5d3f2e40  -,,,,,,,,
mb6540,mackinley,berge,c5c496593156823c34d6a496a6f7d3f7  -,,,,,,,,
dm9203,donovin,montgomery,9fa69dfad42a67931b0551d0865e8de5  -,,,,,,,,
ls9367,leul,sieck,951974f92224fccc567910f7d7fcef63  -,,,,,,,,
jv2549,jahleel,vanburen,e43ba71e91116c87bcfb6af0b792c1bf  -,,,,,,,,
km9470,kipling,marro,e5b901f185ba430f6092dd489716abe9  -,,,,,,,,
kt5993,konnor,tassone,1fcf465143a717f896f536fea115ecc0  -,,,,,,,,
zg9762,zac,gulla,1c18f70a757b0b710a9bddf845805da0  -,,,,,,,,
mo6049,macaulay,ouk,8b4a539ac8a7611d06bbcddddd5319d1  -,,,,,,,,
qm3155,quamaine,mennella,2bb2a664c481f6ae025048388f0a7379  -,,,,,,,,
nr7466,nile,radosevich,fbe1cebbd3569eae7abc67366a1da8f4  -,,,,,,,,
es3174,eidan,sachdeva,4fb6655875ace8af21a7ec4a38afd199  -,,,,,,,,
km2394,kennon,mcclusky,a5b9c517f5575d9f5a30b1ec175e3692  -,,,,,,,,
tp9002,toni,palmisano,f25e8a8bbea73a53d6a767868a5f6fea  -,,,,,,,,
be8354,bronxx,eyman,c7e8b1dfb28efe44d5cb6ca2dae5e6c3  -,,,,,,,,
am9754,ashai,matheson,6fc176c02326cc10c9337af71f55e714  -,,,,,,,,
hu5023,hiroshi,usery,3369a609901bd5ad6a97906d370f82ec  -,,,,,,,,
mc7401,mohanad,chenevert,93f24dfdb0d58af4bfc1519cef47860c  -,,,,,,,,
gm6768,gerardo,milholland,6cec361ed9c813e4e132bf1c5f4661e6  -,,,,,,,,
ap2963,arlan,phillip,4ee9d023c8c6d1949dc8bf7f0530f5a5  -,,,,,,,,
ac3699,ata,crawshaw,6f1c3ece996704c1f2380c904e6d8db5  -,,,,,,,,
mc2860,marwan,celentano,9a0b30a106f41cdf0a4d70d4edf79eb7  -,,,,,,,,
cs6997,courtney,sargsyan,a6101f66e47757f2717cd512f5800a1e  -,,,,,,,,
as4599,arien,schwartzkopf,96225fb1c4717e486dd30b45c65892d1  -,,,,,,,,
sc6522,simir,carollo,ab4b789c6de2877b7cd66fabcca51b19  -,,,,,,,,
gs4973,geno,slough,6e5b607e9979a80e0910e3f92b8aa09b  -,,,,,,,,
st1053,shivaan,tapp,c17d4ffeedd714ed8eb7e28b8d5ab774  -,,,,,,,,
aj4576,agustin,jolin,824cfe48ab0f6a8f5561309a1e5aa304  -,,,,,,,,
sq1579,seleem,quan,13ecc4206ff8dc97b8be78e527ad207d  -,,,,,,,,
hc7123,harsh,corning,14730976128aa13caea9a76bdd6251dc  -,,,,,,,,
jp7902,jebediah,posada,86af9aab34480821fc665b5d6376d7e3  -,,,,,,,,
fb6402,fadi,busse,2de86f19ac41176401101dc883bcc9e5  -,,,,,,,,
ob5417,odell,barwick,f470104eff714b8232abb6ec6bbf4c5d  -,,,,,,,,
dg7156,devan,guice,dcf4aae80192ab00f828437f75c786e2  -,,,,,,,,
sc9265,shalin,consuegra,06c6fa04e533f3980202c5f6262f2826  -,,,,,,,,
iv9571,irie,valenta,4dc68f66adc4a19af527e65dc4e3155e  -,,,,,,,,
rr5021,rickie,rupe,b5539df271a492575d8acce4a6ebc04c  -,,,,,,,,
cc8699,cort,cornette,e8d6377a3c291e06a129a555e0b2ed30  -,,,,,,,,
ec6663,emarius,cureton,543202e734dcb2b767c7ce54427910a6  -,,,,,,,,
kf1843,kaisei,fagg,97419a73c58ebfd69e48467280a1b7bd  -,,,,,,,,
rs5737,rohnan,speirs,b01df85392e63c181260c792ae2605a4  -,,,,,,,,
eb8502,eden,byrnes,342566a23da26375cca0665ff6f878df  -,,,,,,,,
rn4499,rambo,newnam,8d71b395a55430ed40036176ace1383a  -,,,,,,,,
dr3817,dameon,rainford,677651875ca4bb1f603aa2dc600f9e3c  -,,,,,,,,
cl6104,chetan,loewe,8b105401b684f533fb27d49343ea1a41  -,,,,,,,,
tm2997,trevonne,marnell,3e272ce3a453be015586a194ef744e75  -,,,,,,,,
al7542,adair,lunger,b3bd095a7d5bda4380428fc78c29a589  -,,,,,,,,
as8786,adyn,seybold,f6785d3a1ba30d8054d3255479e9494e  -,,,,,,,,
ca3216,christiano,amster,5b80ca0d45a2d07c5675c1a37bf82d22  -,,,,,,,,
az9113,arryn,zona,251731db1574a70c991d5e5444b16d0c  -,,,,,,,,
br5561,breccan,roff,0383d521e8a52889c7bc0829038c6622  -,,,,,,,,
yc1145,yosiah,coghill,d228992ab3cb9bc955425f1d0137596d  -,,,,,,,,
yw9566,yishai,wimer,0548b56d7828897186671a60380f61d3  -,,,,,,,,
rp6606,romero,parent,73e6b77b22c7f1a4e6597f3937f18146  -,,,,,,,,
gt3890,gurshan,terrill,2ec276e775eaa7cba5e3776ab0afe0d4  -,,,,,,,,
ac9161,audiel,caplan,444988f92782f51cda15b2d12970858d  -,,,,,,,,
cg5808,christien,groner,7e1316f39fa67ffa348514cd22f31140  -,,,,,,,,
bk8613,brennex,krum,c44a4f4e0a3577a60d5e167a7fa57cff  -,,,,,,,,
kb9761,khabib,brayboy,4775be784c2f5462793ed20becbba9f6  -,,,,,,,,
rt4902,rigdon,tonelli,e217c6fb426acff371313338c4cbe8b2  -,,,,,,,,
mk4353,mayjor,kovacevich,a272570c88fa87e2eeee72afeab1e268  -,,,,,,,,
at2748,aryus,talamantes,d6f976f04758501628834009ed73a230  -,,,,,,,,
zt9068,zayde,timms,14e4408f1b2900c2bac966f0b4a250b6  -,,,,,,,,
dw4646,divij,welden,77105074c75690badde3eba70e4fa62c  -,,,,,,,,
sa9168,syrus,aurand,7710470b9ea451eb0b579a1b7a257da6  -,,,,,,,,
id8471,issam,dobyns,ad8deaaec5e709aa25fa9c6722485611  -,,,,,,,,
nh8806,nahim,hodson,a188b2d27d37ec70b48b947e79e57760  -,,,,,,,,
aa6503,ahkeem,aaron,baec33b2597b568e7a3474ad2cc73515  -,,,,,,,,
rf1254,rozae,flanery,1c81f09bd256e5b79ac7c9f9d899be2c  -,,,,,,,,
jl5027,jhamir,lopata,b0c141374db798baaf1821d661804962  -,,,,,,,,
js1862,jones,serratos,7e1346c1be3152989a1af73b52ff0603  -,,,,,,,,
lc2549,lionel,claar,7b778be130770ecf24d9df62a0930aca  -,,,,,,,,
dv7312,davie,villagran,883ed80393f653645816bc41c2b42d8b  -,,,,,,,,
zg5751,zameir,grimmer,aff0b69a9f21b0f39e4881f0b2ad93dd  -,,,,,,,,
jm5454,jaccob,manganiello,fa63179d26f444b542969de97cdaa437  -,,,,,,,,
gp8006,gabriele,pitsch,e8326ca8dde70ec81ef2ef7afa15fd3f  -,,,,,,,,
ss9026,sarvesh,seifert,9fd32d06a5d0e5a6c9d70840210ee352  -,,,,,,,,
hu6822,hani,unser,415e7bb3f21d7e7950b71361069e2715  -,,,,,,,,
sd1555,shylo,dorrough,500ffeb46197c81a17267e529e6ca8d5  -,,,,,,,,
sw6951,saqib,wisdom,b3dd3ab3b3396da2cc50211500251341  -,,,,,,,,
rd2007,rutvik,darr,dffe9eea3d79692a43148c17d75da054  -,,,,,,,,
db9787,dacari,burruel,0ffd450738b57be55b0a9e1a530bf41e  -,,,,,,,,
cc3270,curry,culkin,fa999bae24a67fcdcaea05b2ad3a9b13  -,,,,,,,,
jh6774,jaidin,hudman,f89d73958ee9fcf0353cbc765bae2f70  -,,,,,,,,
fg8497,flavio,gutman,47f0a89ee272ada6c390b38a206e77ec  -,,,,,,,,
kg1574,kim,gayheart,6c5f0277c3d536658353ea10b287b08f  -,,,,,,,,
mb6339,mose,bauguess,ce3eca573503c015947c09b11375196e  -,,,,,,,,
sl3379,soham,little,d0caa6a3b582496c421277d6c991e490  -,,,,,,,,
os4857,olen,siders,5de9ee5383e7cf742001b8931ad0c400  -,,,,,,,,
nb2021,nahlij,barreto,8ae9400a4974af428ea1a6bcb90eab36  -,,,,,,,,
mg3495,mauricio,garry,3a91a4c294726fe3c903fe0f30535c36  -,,,,,,,,
ms2280,mirza,skates,b1de962ffe5c1934e3dd5abf8b54635b  -,,,,,,,,
hs9078,helaman,salzano,291bc7b22e2fc3fe60184e2d44ae80e1  -,,,,,,,,
fs9484,finesse,servellon,2c667b1707be8d45587dcaae236d6ed6  -,,,,,,,,
jj3433,jailon,jurek,e44de503aa56c47e141b9f6fce167eef  -,,,,,,,,
od5865,owenn,driver,63f7806cfed689570b1aa445f41429d1  -,,,,,,,,
lg7344,landrick,goldsmith,c54bb11138cebeb61bdfaea3c6630865  -,,,,,,,,
hm9751,hamidou,mcgowan,77040329fec549fcb95799927399cee4  -,,,,,,,,
md9795,maclan,dumm,d105a8afb210b985eeeabb87abbf8c05  -,,,,,,,,
im1416,iniyan,mahadeo,5def9b6a30cef7519654f4198386437c  -,,,,,,,,
de7684,doc,eastep,e09873df54e999ba443041e4fb4f94ba  -,,,,,,,,
ea4369,erich,adkisson,f4213954a9a7c18d52e1054cf7aa3705  -,,,,,,,,
ko6018,keanan,orrego,c4548d63e628ed77d9edb343a6c0d043  -,,,,,,,,
zb4815,zisha,baumann,9b6b1b4a16f0513f7b72c2b747f7bf44  -,,,,,,,,
sh4905,shanav,heroux,b4cc7338c5ff9921903bfadef651c467  -,,,,,,,,
kf8158,kiyen,florida,500f46c5dddcb5f0abaf848811788eb8  -,,,,,,,,
yf4055,yahshua,fitting,d26d9720574406af5d84e65139bcf737  -,,,,,,,,
da9246,dragan,ashworth,341b0b986bc8d35491d3817adf1465ae  -,,,,,,,,
mt2384,maysin,terwilliger,522e3d67fbf5c780db14c00fcb309277  -,,,,,,,,
hs9283,hamir,schissler,b51bd80031dba745b1a72b9106c8c171  -,,,,,,,,
id4754,isahi,dugger,b4e244947c109e180c404197018594d9  -,,,,,,,,
kl4905,kieran,lakatos,51bbec1d5f4afaa0b41b112662f09430  -,,,,,,,,
ks6327,kache,squire,26e2369309fab63ee3138554b304582f  -,,,,,,,,
lb7245,leven,broadnax,3352d4415847673e86ec09ece8064ed8  -,,,,,,,,
gv7678,grady,veneziano,cde5441b6e8b3c8c8d272a3c84bf67b4  -,,,,,,,,
sw5088,stryker,woodley,ba4d9836d71fab21d6fa04b5c7021f63  -,,,,,,,,
cd9453,caileb,disney,c3973e612aac7521f4a372681e68ced9  -,,,,,,,,
dl6763,dreden,lahman,5711b89a1fef6d0def600fed9c37a9a1  -,,,,,,,,
dp3703,dakotah,pete,178cec0e9029d866b266dbce57236f7e  -,,,,,,,,
jz9757,jasiyah,ziemer,ff6e098e6905d80ee65e5d0a859d8e1e  -,,,,,,,,
je4867,jkai,edmundson,52105b46728c3ae61512fbbb05e728dc  -,,,,,,,,
ek9004,eker,kaley,914d2524430430650555d6d0f27b6f50  -,,,,,,,,
cw1346,candler,wilmes,c4f4c2c6fc5d9166857efee203f763ef  -,,,,,,,,
se8396,shuaib,eddleman,7c7976b41daf4bd574823fb7f1bc1ae9  -,,,,,,,,
ar2318,arda,regnier,1ffd4800ac57533c3357056aa4c949fc  -,,,,,,,,
gf2789,gaige,flemister,53da5385980ee86668283df3b9672ca1  -,,,,,,,,
lt8149,lochlann,tinkham,cc10d4e6d957d6bb44d0755fa9f2ba3d  -,,,,,,,,
oc9184,oakley,cao,535da879e3d0f173dde9fced86d15732  -,,,,,,,,
kg8201,kekoa,grear,3d301e164dfb66450bbb05aa6e0b46a0  -,,,,,,,,
lf2984,ladavion,fallen,1aafc4b1c88e5213afead947539932cd  -,,,,,,,,
js9527,jajuan,swales,f99a16274d0bc27c41b14662e5625d0c  -,,,,,,,,
cr8878,chilton,richeson,1bff4fed86f0fd7dc29087abb8b4e71c  -,,,,,,,,
kb5822,kylynn,beardsley,a56469e7ca9de075b34e66771dc6d072  -,,,,,,,,
kw7570,kayon,wiggs,abe395f397b0553d8b8683c868bcf007  -,,,,,,,,
jb9278,juanpablo,bradwell,32c8c36687e2849804b2014ad2d0e694  -,,,,,,,,
js1748,jakayden,swensen,64cf49bba811a641853678c2cf72a722  -,,,,,,,,
co7063,chikamso,ohaver,323fa0012b8bebae58ee3643ab6b0a3e  -,,,,,,,,
af6126,abhi,figueira,eccafbce3eb52062d4760958f78df556  -,,,,,,,,
ls5467,lander,sauber,3544028f6f3da9d1ecf9fec3bc5f9729  -,,,,,,,,
zl9824,ziquan,lydick,978919d97732091ca7beda7a806bc27e  -,,,,,,,,
cg3092,christoph,go,04099e0dfe8d61b5eb3ff85dc279351a  -,,,,,,,,
bd7184,bennie,delariva,fd0ebc718c84766f9ac07d35e249ffe8  -,,,,,,,,
ew9740,eldar,wireman,22212099d1952f940efca3b9bd49e281  -,,,,,,,,
vd4460,vernon,dones,2457bb05cacf21f988858f7b09a800ea  -,,,,,,,,
fk8121,fuller,keo,62b4e7f07a9b56f6d33652cab9ec10b4  -,,,,,,,,
rw5052,rennick,womer,9eee00e7d57a0ca354f36409bb482eec  -,,,,,,,,
ew9403,eduar,woolman,34d6ec8286c2312171af4f3fc756e6ff  -,,,,,,,,
ph2131,pieter,hazen,8b38df51e752be4239d169bbd1fe2ee4  -,,,,,,,,
fk3727,fawkes,kash,31f0af1cc511be8a442ba03c191ceac3  -,,,,,,,,
ms2123,master,suh,34f93333d1752051101d57bb8347ae30  -,,,,,,,,
jg9131,juaquin,gros,90cb07de7132fc64c17811af65a37a88  -,,,,,,,,
ky4804,kinley,yost,12dc52ad6c922fd84514c735e9d57c69  -,,,,,,,,
sh1929,skyler,honda,16ff584ef3e42b1688cb8bde14af94f3  -,,,,,,,,
js6821,jun,sheesley,0554828dab66f79e406ce27d1caf8e9d  -,,,,,,,,
to5136,tyde,overholser,c65c3dd2f51be3f7c945f5bb717e5fa4  -,,,,,,,,
tg1761,tyler,gigliotti,e105886daae762bac41fdcbbfc8b1fe1  -,,,,,,,,
ja9771,jayvon,arneson,256be1d341e4cad03e7512e859df2b93  -,,,,,,,,
mg4399,montell,gavidia,cb39009c253512cb819d3d42bc43f35d  -,,,,,,,,
km4875,koi,mcdevitt,1974060315a6efd14594d82d7af7b3aa  -,,,,,,,,
yg8337,yuchen,grover,93ad599a1c194564f0109aeb2aaa0607  -,,,,,,,,
dc2317,deigo,craun,c15e161504017e91ed70ba1030997c85  -,,,,,,,,
rk2296,raylan,koehler,fdfcb59f068496c44bfb172b2efcda6d  -,,,,,,,,
mw3508,maddox,whipkey,7251da28214bbfbe52ae44b10431fbd0  -,,,,,,,,
ef4457,emrick,flower,ed7f57feb2465efa251832e656627c4d  -,,,,,,,,
nc8194,nyjah,cutlip,17826f4a1944e677060d4cc9f9514914  -,,,,,,,,
kh1141,khalon,husbands,a21e11b5a3b82fb3c53121be449ce5e2  -,,,,,,,,
ds1862,domanick,southwell,8f693999bb453a3c0c652d53c64490ad  -,,,,,,,,
ta9903,tysir,archer,4286e433684cccf81d9b0ca1991a8734  -,,,,,,,,
np3813,nieko,prewitt,d67c5bb32931d7a8ef78af7a83589919  -,,,,,,,,
hh2816,hyder,hearn,b87c2c49af75c7be5caeecb338cb467a  -,,,,,,,,
jp8442,jonnathan,philhower,759772b410f4627727efee95f905cdc7  -,,,,,,,,
rb1747,rivan,bruneau,45ea78b10c136e5dd7c0a16f867a054a  -,,,,,,,,
zl1593,zane,lamorte,47a075e4e1442cebeac699de1056e138  -,,,,,,,,
jb9794,jona,barcus,2455c3adbb00713609f0365eb98e7e29  -,,,,,,,,
sk4911,syre,kunzler,43ad6875e47b752847e48c926cf094f6  -,,,,,,,,
so4317,shyam,overstreet,f62ab3fdb04dc3b1be25581024da8280  -,,,,,,,,
ls9342,lochlan,shawn,7421f04d34ef2b9d3bc409a9346c8a5c  -,,,,,,,,
rd5297,rayshawn,dabney,a4cdf9663a53c7cf7a8cdde9bead668e  -,,,,,,,,
ec6246,elyjah,cha,3192656246de1a907b97eaeea75bc71b  -,,,,,,,,
as4892,abass,stangl,d4be4ffea6f3e2feeb4f867117c1bd8f  -,,,,,,,,
rm6334,ryland,mccourt,94092aab6987bc8ceaefad68ff33a78e  -,,,,,,,,
sp5718,sander,powley,36ffcafc0819298640a5d41ea4c5c84d  -,,,,,,,,
dj2254,derwin,janiszewski,62b2915fa3c1a132a4e0948961e93965  -,,,,,,,,
zk1470,zykeem,knudsen,cdc1e3135e7b9c626cb1d9c603950ae2  -,,,,,,,,
mc3275,maijer,carle,d9639a3ffd9493ea270420c243b140ae  -,,,,,,,,
ab5830,aizen,bartolomei,ea35b1648a9088f1413deed22bb03850  -,,,,,,,,
bl9660,braxson,lepe,ca34eb6d028e88896d27d0583d696d82  -,,,,,,,,
kg7329,khayden,gomillion,ff402b083a0d223bf2c479f996dc8afa  -,,,,,,,,
jh7978,jahvier,hanson,8483148741dba08a921672dee1a67c53  -,,,,,,,,
rm9478,rogers,mourad,7088203fa26d05365a47b92427f92959  -,,,,,,,,
ro9572,raphael,om,bb28a157a4c9bd158fbec6b3d49872af  -,,,,,,,,
qa2973,quint,armand,cce601624206f0d6267bfc645aecd2f3  -,,,,,,,,
ac7790,abednego,cayo,3d171fbb8d5d7c02410f9d4e64ff439f  -,,,,,,,,
jt5752,jafet,teves,74d543271a1cde9991df86980c26181b  -,,,,,,,,
as5166,avryn,scroggs,f0eeef161c54ce22a73d1ab18c7f5744  -,,,,,,,,
ms5943,mycah,shreffler,caefa49e0cfd346c02ed4746cdfcf00b  -,,,,,,,,
ac7258,amrit,contrera,efbfda87a4b03416157d2398041ed1b2  -,,,,,,,,
br3042,beckam,retzer,79239e75045f52475a1eeada3874830a  -,,,,,,,,
le5031,lexon,eichenberger,3908cb5274d3038c533710a7b4ce2fd5  -,,,,,,,,
ch8718,cartier,hallum,98053545258f33df102603cc38ed2bff  -,,,,,,,,
lv5094,lenoxx,vannest,09526f683eecb277232b3177f06742be  -,,,,,,,,
rm7096,ransh,miguel,d741854e939cdf9025a85f9e5ea069f2  -,,,,,,,,
rm9433,rishab,minns,2216c401775a7a3bda8f76333d09e12f  -,,,,,,,,
jo2805,joseph,ortegon,29b2eb57aad2df596e4101e139b4a392  -,,,,,,,,
hw1114,harith,wadley,97b453842d0b61b158e0156f819d9802  -,,,,,,,,
jm1279,jove,mastin,6ef712f25e73c9e59bd14f5667aa392b  -,,,,,,,,
zs6904,zacharius,sabato,62230ded9d3f0b20df6f12c9374d4246  -,,,,,,,,
jp8242,jakin,porco,a2db430953939eb2f687e918bee2a601  -,,,,,,,,
ck4685,cyncere,kampa,c101f1b9f98126f297b3c4b53e5b4528  -,,,,,,,,
cg8749,conrado,gartin,0f6f321f387406811a24519b961f7795  -,,,,,,,,
rc3893,rodrigo,coloma,20dd2fd8e840ac9b7a4c36c077fb158c  -,,,,,,,,
yt1726,yehonatan,tarbox,748fdbdc555da9b17dff350674edfa00  -,,,,,,,,
ts6968,tayyib,sowell,40a8bb68e5dc3016b282d81e5271b329  -,,,,,,,,
zr1816,zakkary,rotz,c5669aacca1c05366c1f6a881886e0a8  -,,,,,,,,
jw4937,jayce,weyrauch,c11db95256c2dabd15105826996619bd  -,,,,,,,,
dp4597,daoud,puskar,f2f9fbb05c08579fab3911abf9d1c5ae  -,,,,,,,,
sk1377,sael,killpack,1b4df245008302bf9d322cb8c94bbfc4  -,,,,,,,,
ag1841,airam,germain,d3375925cfb09c96792e63341e16cc28  -,,,,,,,,
rc2964,rosario,capper,a99ec9c2d1f04a69afa5c753aaa8ce88  -,,,,,,,,
te1728,theodor,eyster,59dee2674b2098653f11da46219eebb7  -,,,,,,,,
rr6124,rithik,rumple,9438fbefe182b07647dc683b33e91ef6  -,,,,,,,,
jw1651,jakhi,withee,707b3210ce93d7ff1a8214c0b3c7018b  -,,,,,,,,
mw9820,momodou,warman,901f2015d9c7e90141820fd11f9e135a  -,,,,,,,,
od8495,omario,dessert,eff94cb8bd455c22330a4a3078254c4b  -,,,,,,,,
ag4475,arvind,gravel,174eac1cbe5fb1e7b5dbbc425514d9f9  -,,,,,,,,
ss2156,sammy,sipes,12f30c6752524cb76676eec9c23eb0c3  -,,,,,,,,
bs2954,brook,skelton,ccb0b022d9afb28e8f0f75a7072fd8f4  -,,,,,,,,
cc4415,clayten,chalk,fd47251142be8538fd13942577d7d885  -,,,,,,,,
ab1669,azlaan,barrs,7667a9c024bfe965334a0460989d166c  -,,,,,,,,
ff8913,fenix,fulkerson,32327f913dbdf4222295a26d2189de7e  -,,,,,,,,
jn5169,josef,nations,e9bddd7b5c50ce20e4bbda953c0d8c12  -,,,,,,,,
kl9224,kumar,lippold,6e105eb6cef4e38e95a1d1a2b6066df0  -,,,,,,,,
ja3359,jaziah,alcantar,2a19884a290d32bf166da3b7272f52ef  -,,,,,,,,
ss9816,saban,sedlock,f3a93114a4512f122edd2b4273732123  -,,,,,,,,
rn5896,romere,nickell,b760cc0fe0bae2e45eda148c47b5ff66  -,,,,,,,,
zm4738,zeandre,memmott,769d020a19fca53ea6ae599a21d63d69  -,,,,,,,,
wv3818,waris,vanderwall,deabcc25f52f35687e747dd9e8a91e50  -,,,,,,,,
mm5324,millard,mirabile,36d30caba4f21e263e8f80efcdc65a24  -,,,,,,,,
ih2076,iosefa,hollin,202006684786cdf04731c8a296f5eed4  -,,,,,,,,
am3189,ayaz,mickelson,e73d9f397c2a2ea96d303cca324f5fdb  -,,,,,,,,
ng1717,nikoa,guereca,0b8af579c5313c9bc605fc6c8b1e5993  -,,,,,,,,
ks7529,kingson,strawn,38c586c43b4a2548e5414f67ed0b47de  -,,,,,,,,
cp9246,copper,parkhurst,3e2b086e9cb86e7eadccf6cd80b35910  -,,,,,,,,
nb5435,nyzier,beshara,11d359a154cb99754f66ae8ce09e8252  -,,,,,,,,
sc4493,sameer,campisi,c9287081b0aa4e392daf79116b92bd25  -,,,,,,,,
td1183,terrance,degroff,49dbcc39d9c7d325a9b6ccc0269513aa  -,,,,,,,,
ch6975,criss,hallstrom,8d735ced46d70cc11d5fcf0d0ad2c2f8  -,,,,,,,,
di9917,denzel,irizarry,4bfe159e4f2b5d79ed7f064dc42361ba  -,,,,,,,,
bg1709,blayne,germano,8b01a4cf62816a282f475ea405b35bc4  -,,,,,,,,
bf5337,broox,fiene,bf914f4107ed52eaf759faa724300938  -,,,,,,,,
pc5177,phabian,carchi,261945c786569ed210ec53ebae4a5ae2  -,,,,,,,,
kl7835,kenechukwu,lagomarsino,43d543c9650146f04d0c686ae9d6ab5d  -,,,,,,,,
or9624,olaf,rini,b9cb03a73fcc6bc49f89996830a266e0  -,,,,,,,,
pk5998,pike,kassner,d4e857be3979b0ab0828795d6ae17e0b  -,,,,,,,,
zb9959,zayquan,bleeker,bac236f512c3c0e725b537dae37f841c  -,,,,,,,,
ka4181,kruze,arden,f471449fb82f5380481a1aee32a9f890  -,,,,,,,,
zf6740,zay,fellman,568e38c2003e249ed0bf2a1f0d808880  -,,,,,,,,
lw4433,laverne,wait,dfa18f2d219c14764b9a08376295ab05  -,,,,,,,,
rc3727,rameir,coutts,56fd626b932841c56e46cbb536823f3d  -,,,,,,,,
hs3425,henryk,stueber,a382d223321b472be9537b5f2856d884  -,,,,,,,,
sp1686,shraga,panuco,4393c5ae62641013be5de650d3f93c2b  -,,,,,,,,
vb8330,vahn,borrero,9d70f13cbbdd61571f5742c54971e458  -,,,,,,,,
wl2586,waverly,lizardo,83b4bd68030156829f8a3ac907f400f3  -,,,,,,,,
dp6736,dawsyn,pierotti,5635b992dbdcc883a63709f5a93a9d3a  -,,,,,,,,
