tf9791,treya,feldstein,4a98497a0f44a6d125a66203dae810cc  -
jl7014,jaelyn,lule,15ba30f9290b2733cbb3f8e78de95e45  -
le6920,lydian,erisman,5937397d518beb9c728a5cd5bf41f8d5  -
rv7691,reid,vandenberg,bf38bf90f7ed289fbcba5d36b5560e95  -
dp3767,delilah,perezcruz,93b8bef0e086557a967d2d4b88d5f62b  -
cj5995,cambridge,jungers,0e9e2af07db389095c8d188fd52c1c1b  -
cb9579,chrissy,brodbeck,a7f911fd02926ef417463918e47aa6dc  -
ns5093,norie,spurling,601c9c585809971fd61c53d05e0b33dc  -
ea2362,ellianne,anna,25f8173ac635001986cf8ffe7e118273  -
eb5255,eisla,bousman,bc312217ffd7e79451a4f1d82ad5d686  -
va5205,vallentina,artman,53efac4c2fe0423686e4ab605cf2e027  -
pg5187,praise,gilder,b046955f8719cae06c9eda55f80a1ae1  -
nt3830,novalee,tash,36b78f91179f2c70f0ae9d3c8cb42fef  -
zm7773,zora,moses,fefb00610e907030c47eadcaa5b3ceaf  -
aa3635,adena,adragna,4998a640ede34759776588d8c00b8656  -
gq1857,giada,qu,2980df68d95ca1bc8affe21935457cae  -
cj4826,cova,jenkins,ecec1e01ed7ecd7af7ba60fb3b754950  -
ss7796,sameya,selk,2f93dc918afefef31133cc1a9039e212  -
kh6525,keerat,hashem,34f64f588bc6d82f98fda36899a4cd34  -
em6342,eilidh,malmgren,25ac67472ae653956d1d553b1354c005  -
mv5713,milarose,villasenor,bea33f5dcef38e535602c4d86949b01a  -
cr3435,carlie,rivas,b4048a579950234ba44a1ccb47f3ebc1  -
et8468,elley,tretter,655c0a3d353a2248330bff7906c0f0a0  -
kd3981,kamiera,didomenico,46523d85c3ce04cd1a68a8f7477a1a3b  -
nc6544,nada,chumbley,d5e2c01ac5182d0dbcfe701cf72af707  -
ss8206,shakiya,schoon,c2926c5d5afce94c8196db698cde930c  -
rt2369,radwa,thorp,69aa9b54f79f9d97fd8f64a876266069  -
ed8025,elizabethgrace,dandridge,9f5076c90d2e18abcdc026d2b5d810e1  -
sv1580,sharla,vanderlaan,667065113f7787b4ba430733004eb119  -
lh1684,loujain,hampton,e79d55f8b6446075a0aeaa41654e34d3  -
sd8565,suki,defoe,3b1e7b3cab54e8bfa67c396a3df15b32  -
sl5113,saylem,lamantia,5b19949d3d14633c3962ac9ebb59add4  -
to1764,tatumn,oxley,04a9eca27f7b788ca267ef5b20146918  -
za5138,zemora,allers,c14121ee4a61e13c456e79ab0c9617c4  -
as6087,adea,silguero,8ee41bc71c3b83fa38a16ac66ada96fd  -
jf5481,jenae,frigo,d227c1960b178a3fc5e7f5bd73aa8378  -
ct6118,chapel,trinkle,52c8a449a8086a41d9e57a2a2fd62372  -
bf5858,blayklee,fortson,f4087c1add8f9d32ffd459496435e10c  -
kh2178,keyani,hawker,f60b8a9f6c672a7ab2fe0e51f26a7b38  -
ke9809,kazlynn,echeverri,8fb00d3ec8ff0cd6c46f3744ac1564d1  -
ms7182,meleana,si,68d13d968a77d84744b6b3744b547090  -
jg3898,jossie,guarneri,48f8fcc31ee9988b49d9cffcbd5da1ed  -
kl3594,kaisleigh,lies,0dfd20e5e6fd72baaf4f647a27e41997  -
hh6197,halsey,hinton,b3e3f11dff964e3a817d773841c5d826  -
ss9474,shreenika,steppe,c75ee4bdf3d02b3455e76f6e2634c9c1  -
mh7503,malini,hanney,162f19122c7c6ca0dae847d497ccccd2  -
ll8602,liliann,lapierre,439bda76914f15a4144e574585e7a360  -
tb7808,tahirah,betty,6c69f9fd6591bf4f6a389a92c22eea08  -
vb5546,verity,beaver,cfaba5d2e136d392fb86058430a61d3a  -
fr7797,forrest,regalado,6179a9d6a44676f900424a877c9f8cd0  -
ms4068,makda,schrupp,5caf963fbec43dbfaa3ed8c6ba331941  -
js9661,jaxon,schrom,2006ab54e5bb3b4301a93ade1f036639  -
af4119,alesandra,faraci,129ba5b6e6893285961cd338d5722b33  -
dl4957,dawson,letts,b73634632d57e43c505fcd60b7f93b2b  -
hf5732,hadlie,fockler,e5be1e6c33beca79fef607b9b7111057  -
jl7685,jhenae,lutes,495e47920a76d3f67f5e7fdbee712549  -
yn1604,yuritzi,nina,922b4818a73ed29714490babefb54fc2  -
ss7780,saralynn,sowden,9aed0a180fc41729d5796d5f22aed214  -
jt1679,jadah,teasdale,f5c0d0fc333299fb09f31aa3a2da65e0  -
ki6369,kisha,ing,d0d3cc27dac29feb865e8ecbe70a2460  -
tm4557,tauriel,mack,94c24c9438a308321125688fa33b8c91  -
aa7682,aubrii,albarracin,2250d1d5b54b7e5d6b35a0abffeb1017  -
tm2962,teylie,mccord,58b80ccaae54ff8b95d66044dc1b38ac  -
ir8210,ilaya,rideaux,49110f3b0023b65cbda9fbb9b3c37e24  -
ms2774,mariafernanda,sinegal,b0ca8058cf2bf486d86e45ba5673dc98  -
rl2723,ruweyda,landry,564b22723171d0e353862ef65635829c  -
md1531,marlee,downen,2e12df44828ce50a2758f9d15514a6fa  -
mm4410,masina,mullin,62a76e3904a9d65f588f7a5054cc8734  -
sk3136,sidney,kornacki,99478ab14a3ad129aeb5e32a2e79eed2  -
cm5476,cereza,mcray,d9ad6f3ca190fce5fd609cc50dc3b807  -
ha6596,holliday,alameda,9f2dc11a3d297c08b9df28565a139f5d  -
em4039,eiley,mangin,b1552b05dadd8a58a7779b8caed7da9d  -
kd2819,kaylani,darbonne,dae37d9b02a238149d9811bd32551783  -
ks8741,kelby,saez,fae28316301fc1d1be85d78be895b33d  -
ah6921,akyra,haverty,30b6d87e911008b311b9b04e4b1a18ac  -
kh8580,killian,huston,5474c1fd0ab709619eb73a1b2a313a72  -
bl4506,brinlyn,lally,24d7e8e1a92f6fddb2b4143e4dee8971  -
ab6682,amarachukwu,bader,d5e5bbee48678246e6a31c4ed388211c  -
sw1627,shannon,williamson,af94113b21fd08dc94ffd2df12539a38  -
kg6895,kiyanne,graney,ee27ac25d33891b231b73fda9f7c1ed3  -
sl1103,starlett,lykes,3350b8863f3755cdca87fc8b36931c7b  -
hc2715,harpergrace,creed,1f107ab88a0d3370c996837f33085cc3  -
lb6537,laasya,bearden,ea9846de35bb2ac031066a30351b83d2  -
iv1937,indira,vail,37d909dfd24e0db2f3641bdbd125038c  -
kr5440,kinari,rash,e63cae6a3e071c280f07e43cd34caa8b  -
cv6864,chessa,vallery,969071b0066b48d3f23a4dd3a5e6fe42  -
ac6862,abiah,chand,4f6185e9cd3fd32aee121d58ededb6ad  -
kd1687,kanari,dwyer,65945a87ee559181712e3d18356ddb6b  -
ob1677,oaklea,brobst,bd63c5849db512dfecaf45c89339d4c0  -
lc1719,lucianna,conn,cde3a4d13bfb369068d2e4a04967ff5a  -
hm4613,hinsley,massman,cffba1a66c3fe98053133a577a53ada7  -
pn6476,pasleigh,nilsson,212dab8a047526a0263066d67c810531  -
eh8754,elisheba,heller,cc5cd9364c830761d62f9cd40e9cdb12  -
ch5588,cherokee,hepworth,49fe5c8fccae3d6face8bf588c8d8275  -
la3575,lillionna,ace,8b6359def92c7b650f22dee23295ce8a  -
ja2835,jannat,astor,82f2612fdb346ffefb88c1e95f05bb3a  -
ss4971,stellarose,sigel,ac8fce33e22f54ecd0943bdf60837089  -
mg3709,marlay,gilmer,d0405027a167abf484dceeb287785bac  -
lp5316,leilanirose,perezramirez,508d93fac1fe12b5094ff0000677fe21  -
bp3927,brandy,padilla,8b9a4bc1f570099b0b420582e65c830d  -
ck6631,collier,knaack,f65258b398ad42031bb7a6dc68795065  -
gn9032,gwendolynn,nowak,3904d193eaca7c84bdc29bb47472732a  -
bh9024,brooklee,hunnicutt,37f0245bb48c63d33144fb77e2866f1e  -
hc7272,haneen,cadavid,2cd4e4aed24585bc0e273ef5029fe89c  -
te4601,tylin,eversole,654d9b67e3f229dc75b0e2d41b2c1050  -
kh8554,kaylanee,houts,989617fe99b1a0adc7836dac07ac9540  -
ea9706,evalynn,alterman,be4a7d17328d784815a2cf70eac4f904  -
ss5147,steeley,soper,e57c0dc9863204c960b6a78baea64b0e  -
ar1234,ayse,ryals,2d8fa7003226847a460118cc3f0a3135  -
sb2070,shaniah,bommarito,a954504ee1f68ffc14338564026190e9  -
hl4334,hollyn,littler,2b957bb8979e758abb284b8f7676983b  -
sh1812,solana,hayse,20c3de6879735ceb4aa692418e32cc52  -
as6776,allen,stumph,90f0201d94e4402a6331f6145d6a5be3  -
ep2733,emanuelle,phinney,2daed4efe88c69594e2834300a2ec1fa  -
sw1503,star,wilcoxson,60bd93fd169eaa33e12741f0e7e04933  -
te5716,taimane,eatmon,dc2a8e484adc96a12cd5409316c71d82  -
km8070,kelsei,marciniak,29bd6f328684ff94b3397ae36448f280  -
vm6157,varna,minson,f8477dac3e6e0d91ae29219e524a1164  -
ao3126,aletha,ogata,b68bb3e49f438e0cc93dd528a07677ff  -
sn2906,shantall,narciso,acad8326a166f84a131c5d3809671e0a  -
it7859,iviana,truman,c5152624404d0930ef1918e4fdeb7530  -
lo9172,lelah,osmond,2cf05bb056e9aa3f07a3ccaa9c682a8a  -
rb1199,ryliee,bohan,788f0952b1604b51e8d4dcb508aa8d0a  -
lb9793,lakiyah,balcazar,8b3b7040ffe41805d774a7502c98cc93  -
lh3746,leiyah,harjo,7cf7d9010f345a93d17d4aec9f64252f  -
nf9406,neriyah,fenstermacher,53fdd4184aa4a5802f451a0e8a6f3d46  -
mb7025,munachi,barker,1db47ffe208dcc7cd4cf93a60d08d375  -
av6278,amyrical,vaillancourt,c4147e478c00e04c45722b53a75ef88a  -
nw8452,nara,willett,010f107d5335d56bc52e89f9e947620d  -
oa8662,orlagh,auguste,7ea51a7ae42ae4a74b9542973a615fa9  -
zr2147,ziyanna,ryles,d40edffb8ed47cd8d62bae81f77cab97  -
kc5342,kaslyn,cresswell,84676eafbbda002a9bab61499f0acecd  -
fk8562,flavia,klingman,a86cda8905791f4a083ff0492b07776b  -
ac9610,adalai,corcoran,f1d5eb3decefe83d11cf3ab37401cd19  -
bp9632,bless,parlier,74b6a35091d93770896be6c2f4111659  -
mz5274,marilla,zuber,a730353e1ed2ebb3a2a140aa7e827610  -
ad8840,adilene,doescher,d82fa87f70ac4f9ccd0e80c3e1d193a7  -
ai6787,aislee,ibrahim,a80091e27c0f226b4cf0d26b9733324f  -
km2044,kawsar,morefield,955d054abe69896f9a8ac680b815c086  -
jg1832,jane,goodsell,8bd6747a1e8bc7ccd7792de1d4b7fc23  -
lb3434,latoya,bolar,1c1a9363c37479619621d5b46c0dfa6c  -
pp7804,penn,piedra,2b8c2735358642f3e2df9c2ebb696b14  -
mw8680,mirra,wigley,d35de300154e59e5702453b2301d94df  -
af6595,adylen,faries,a7b6a8d4b239b67700bd942a966e974f  -
of2579,oluwatoni,facio,999ae9a438790017bef7d059d99b0965  -
vr3039,venice,rao,1b46464c4103b492fcb43d0e4351df4a  -
kt1171,kami,traverso,630ea5e545028167e9cdc70a790fe330  -
ac6547,abriana,charters,4a1bfead8ae0cedea28090dd88b8e89c  -
kh3231,kennie,havlik,571cca9dba9af5aaf5b07e28906087f9  -
tb4082,taelin,belter,8b44504d0d6c62474bdc710ff32f2c4b  -
kb9704,kaileah,blumer,570a0dd0c46557e75ee5f2a9eb38bca6  -
lt1642,levana,tow,9d2dffad2f90f1a9ae7739f0cae17550  -
ks6718,kadidja,silveria,91c428fad8bc1748a9cbf85669f256dd  -
yb2314,yides,baldini,3d067ebb54324288c939606b231fd491  -
rr7327,rhealee,roesler,7b4cb5f6d96f24da073b6f9987addb25  -
nm7709,naimal,mixon,506a093be75c7df07dc73d100a870c42  -
is7366,inola,shiels,5c49652ef78cab1a1527220015d0a794  -
lz5738,lis,zhang,a3a9da94c42616161d1a2a070a02e6a0  -
vw5128,venelope,willoughby,eba4c92b5e96d7d7e8e97b3ce9b73cc2  -
jg2821,jovy,galeas,9b96f48a95e561e681070ff2402e9daf  -
ab9587,annalicia,boivin,087404739dd7207c5fc86fa5c1a6d8e8  -
lg3039,lynnix,giorgi,6ee45ada6793315b07d5203b11ff9da0  -
mr7106,merit,rauda,2df82e642bd93e6194b4d42b12acb064  -
kz8917,kenai,zellers,dd4ebc17c6338fb6aaa1013eb245e175  -
ra4080,ruhi,aymond,574858b005a5e9afbfaf22075174aafa  -
kp9593,kacy,pearlstein,f9e5578e278eb5a79cc45cf782959306  -
mh6680,maleia,havel,ca6469bdefce807cbaadee8282bb4d2e  -
nm8153,nashlie,mckeel,6ea829c487a6c1da39120840b0ebc444  -
es9556,evony,schor,044a07e633f33fd776607143783acc62  -
ak9914,analie,kalb,8938b75f9de39403d4e80113aee6167e  -
jt5233,javayah,tinkler,12589bc06498a775c786a19e98b7166d  -
kw7303,kharie,wagler,b6478274baec6a376caf8ee2baba3def  -
ml5143,marisa,leitz,2a4b789f5a4a8438e96ee815fd52d63f  -
zf4826,zelie,fazekas,bd3b5feeecde776dd26c0a19ee7800e3  -
mf2546,mayva,fasnacht,905fec083b450493c56271354a36644c  -
gc5055,gwenavere,colledge,d059bd8f5e0db24ac8ec53a4308f81da  -
pc1695,polette,carrier,e5d5e3e4e92061fda896adc9073bfd8a  -
ih2252,indiya,holahan,0c4a3fb16d45da45f8aa17dba66d2f14  -
mc6355,meryam,carollo,e7b920f529b7ef51e218b7f9bb479c75  -
sb8481,sugey,burley,e2b38e94780a1f2367895da96c0b7612  -
ba9977,brinsley,ahsan,3a1156e68a5f91c82a00585683f4101d  -
ch2788,caidence,hubler,4339850e0424cc58ac51ed2004ddb284  -
vh1735,viridian,hibler,14c842c6c66e000ec190f0d0d111d034  -
bd7901,breann,dusek,4f8158810b6f1c01835fa2d34709501d  -
he9524,hadassa,emmerich,80a0f1dab60264f0f8e755f547a5a7f9  -
yg7182,yar,gasca,dbb6cc465e0336bcb0b02a86c92e6ea7  -
ld5174,leydi,dimas,4c6d887e1a129732bbdbd921e888e59b  -
dt2101,deari,thiel,38ffdc40962fa3844035ed54b26c4dfd  -
oa6363,ozzy,alberti,0095e7b67344682ce593b104b50f0c31  -
cb5292,carmelle,behn,275184b11972bfdffa22f47dc300348d  -
rf4069,rashelle,fujiwara,a2465af91e8a92970a34d7146215f62b  -
kb5187,keysi,beckley,b7891a6f8efec1957e78a30f3542827b  -
mc4484,mikaya,casique,b7b556dea4d76c2945eaea3d25f8ca40  -
db4971,darla,bucholtz,df24de798c6f7fd500954d469befe387  -
rg4313,rumor,gora,10c6aef2f648eca8ef9c59ff2ee9ab6d  -
zc6139,zareena,cosper,6fc2dcc3f7a70591598a04e1239cbc34  -
ld8106,lylianna,deridder,5551642863344b5f7cdd4133fff67b54  -
fb1545,fanta,benedict,ffd044b004869529955e1e67b1158667  -
lj7569,lavayah,jahner,8cd108ad62f56a38842fc1cbed9fb1fe  -
bc9465,briar,cung,e98e8063fb662c99fd0c145cb64314a3  -
hw6372,hadara,wolfram,af13c9a57b4c4b614a6d00bba9aa64bd  -
bv5321,bellamy,vega,0da69407336b21e0098faeeaff8da4ea  -
sm3300,silvia,mcgeary,db2a488ced52294a025f73e070ae1ec0  -
iw4405,ilham,walder,c77112aa246942e6fef132fbc1c41da3  -
cs8018,charlea,schrantz,a12d07658ef274a614baaab9e86b3b47  -
mw7455,mele,wilker,22211da62e6a183359239b5b7d1c0543  -
ef7205,evalyse,friedberg,5761db9d0c7f472bdc20f480681e06db  -
lc7706,livvy,cecchini,a0e76a22dcebf31b795b0fbaef26e420  -
sm6327,stormi,muldoon,0913381c19438d1983f4b9d6c8c5d07b  -
sd9537,syren,dorothy,3a762d67f02ec5325ad2688b4d25ba26  -
et5686,elleni,tse,9a13707d497d82103492d7d95c795cb1  -
jd1755,jalexi,dicken,fa1730bde69cbf8116ac7183566da262  -
zl4896,zaylee,likens,215b2944f5313486e25c6a4418b6e67f  -
ta4086,tionne,agner,38a21e7ae35d27a4ff8701439eb2a5ee  -
mg3096,melisa,gathright,aa91aa10e2035895fd4d7ba738811b23  -
ro9508,raelin,okafor,287eeebd4147b671f96b85a007b36361  -
fr4161,forest,roble,64bc6cc71e414ed8ad71409c984536d0  -
eb9011,eleni,berardi,e91466ca0ee2dc5a44afbe22e65fb1a3  -
jd8467,jina,dirks,dec15c44d021570180e420ff069b529b  -
to4378,teriyah,ottman,f974aecd4b9d9f3039fa51400d00c35a  -
ap8236,anabel,penning,2b0f546801089e6bfdbff5de4bcb7480  -
kl6102,khadeejah,linville,35c204252fd2ecd80839d7c5acdfd146  -
im6246,isha,mesidor,11386892a5a54a5c5751783e875070bf  -
ad6083,aarohi,diefenbach,2f15663dcef45b5e418ac44c4c40a673  -
mk3045,mattalyn,kozik,55a23cee5965d335c31ccce38fc95d21  -
ts7567,taren,shon,5511eed1c88f59c5674d337fc96bd717  -
am6635,aritza,makela,02bd8173b04a854ceb05f86f8f2ce95f  -
js7377,jenevie,saner,bdbf9b0dd333c75695a4d567ab3b4732  -
ns4454,natia,saelee,16a68ea4f0bfca2b77c1acea91c7049e  -
al8651,avee,lao,bb496712042db2eed525129ded0a9b92  -
dc2661,dallana,cardosa,3dd307900766797bd99603c7d5608191  -
cl8842,chiara,lowrey,f6e8e629082884e178e1954bb42adc32  -
ms9909,mazlyn,solberg,9432440f3d57b7783af8708fa76a1fd6  -
mj3502,mikenzie,jaros,c7942899bd233dfe4abe6f632445ed4d  -
sl9883,skylah,lauren,673137863709d8fc05bd1b1f571352fe  -
jm3819,joana,mathis,2d2e79b2efb2cfd009bbf6255181dace  -
jz9329,jalayna,zhai,6932d403ef98247516a506e48ba157b6  -
ph4745,peighton,hayslett,d886ca03a0420295821b5132ebc1b046  -
ew5882,emmily,warneke,7ab66427be73759b01bb1528ecf30e85  -
ag9146,avarey,gess,3db631b09b8de5b41504e46b3bd1f5c9  -
me5460,mayzlee,efaw,bbb46c9dbb83677e3d9d83ed943586c0  -
as7834,alissa,shingler,2b88b55462034aa7a3dc67bd630162f1  -
pg9901,pria,gusman,79c5bcd335e7b2705472a528f9363295  -
ml6088,magda,leoni,193a4b54112faf45d4b3a418d613732d  -
jh9941,jaylanie,hoel,762d9b4115346fc5ac6cc9dcb47e6874  -
lv7964,lucile,vanpelt,7a0efd8d9c53eb38791bfd6084608048  -
gh1349,guinevere,haake,951b69a2cedfc8374afc491d67a293d4  -
lt2221,lakeyn,tolan,3cda74d5ea3a8dad8d31dce8dd6aced3  -
jc7127,jerney,constantin,aed2206e3fe1593d53a6588cd7e9f33b  -
li4261,lyndsay,ihle,cf6866b4d03a17797c8c25b89ce45425  -
lc9887,lanasia,conkling,fa4422de0ebe3ae17a50d56889bb8e6e  -
ev7981,elsey,vecchio,943b3a150caa425f1c67ff46b667873d  -
ag7352,ashton,grunewald,4861664e2014bdf3feb2b6c4b6856b2b  -
ls1938,leona,siegmund,84f348762f4230cfe6b29b96704b2bef  -
ie5562,ikora,ellingwood,60ad72355ef5a9d63441dffe38ab1b12  -
ch7648,cahri,heiden,c904790803d32324bea4978fa8ef5d27  -
gg8144,gwyneth,galaviz,5e7a3fef4e4d578cedc9606756fa3381  -
at3803,aidelyn,trumble,e5d6ebdbee6dc5409749f91b5b631e1f  -
js2533,jaylis,schuessler,39b0700fb8dd1cfbe1a4c70ba3441dfb  -
ms2428,mckynzie,sechrist,2c48f7e75d256a3c56e2e26e07b52676  -
sd8683,seher,delahunt,2697e470c0d09ba5bd1169157153d195  -
cd4874,claudia,decamp,0fe89840001d1d6d99cd459624e8b33a  -
od9206,onna,darin,8ac88777a03ea526e8259e6d8eefd62e  -
vm3053,vivi,marker,f8699226369c8a69e66c1609cadd1099  -
nk1094,nina,kreps,4c9c3cbef36e699e8697dd5883de1482  -
kw2672,kiyara,wagstaff,85c7182ac1c84db95016d93f255e8235  -
ar7632,assa,reighard,30ca285b5d5d74c916bfa999ba27354b  -
ss2124,sheila,scherer,dfe86c0a9b9c60668528dc0c01b9195e  -
mt3129,meryem,tabarez,edbe7b4e7c62b802b7c5472fc8980aee  -
zb7122,ziggy,boroughs,c89c8f6ff2d397d0f0b9a98f7c9b7d05  -
vv8913,varnika,vohs,9781a345ba66a4f39664da74133f6ee9  -
fm1613,fox,mehmedovic,1f963dd2bc6eff4edd6ffcc99d4f60ac  -
hp2741,hartlynn,porath,ba6d410d037af763fda2828689d0c2ed  -
tp1195,tasmia,probst,31e9e0eba77a0f1cb8ac072a96b42e9c  -
ab5909,anisa,berggren,6d9a166b233586d9b8dbf4f44499d0db  -
rm5124,raelyne,mccreight,4ac1324a2aa9a3ca828d054b8acf04d1  -
de6684,desiree,espindola,6fed3c7682f3af9ffc5a3322503181fa  -
kr9717,kayslee,romig,c98a9cd1171694621755b276ed4363ec  -
hp6473,haddy,padilla,bf890d4f1aa9d4243c1aa211c27dd3f6  -
tp8863,tanvi,pintado,8aa62b745dc78bbce576e793a40a6508  -
eo8017,emmalina,ou,6a1160bce4f5feb11a23e2e1af7d63c8  -
sf2420,solome,fowkes,25e0099dcf3473230bbd8ad5097af9ff  -
sr8509,sadhana,rippee,83da2b1d0fce02742b3c30a4b7a62662  -
zk5487,zanae,koop,be9fc92e99f72b884e248900ba277732  -
ah4131,aarvi,harshbarger,dbaf5e4eb1decdcc562609b413493d2e  -
ms5726,marivel,steib,89078208ab29364f4bf417e1e9990399  -
tc7298,teairra,carcamo,697b892912d465b4e09a2e580f1fd032  -
yr4710,yadhira,rioux,18a629de8b0ad71de1bd8710c6ab80f7  -
sm5905,shakti,mazariegos,98dc9f468f829b40a464ef5b66b9cba0  -
ss7295,sophira,suski,e7369a352de1253c829f08b993df452e  -
ss6452,scarlett,silmon,d4b614e36ee35448e110041ad0ece145  -
mf1913,milla,fraga,c6e52b6e0652a374e327a8013531e694  -
ak7148,alexander,krebs,ecd9c4d30ae894f8e9d7810e7a2257bf  -
mf8038,mehreen,fales,1caec84809ad8b07e728920c00fbd75d  -
ap1141,ameyah,pickard,37b1fe57e3ba5e662baae4179018b653  -
as2934,audre,studley,d3a8a447bff87cda8058a8c949757e3a  -
gr5032,greicy,ramseyer,d5a8473906b2b07f0262f509a55e5923  -
sm4981,stefanie,montour,db319b35600a54b2ad74a5d98bf4ccdd  -
ls3614,lunamae,sustaita,d219eb6a1c7bfbb9e7772b0f63c5c071  -
ka1794,kordelia,able,f50d15e013380e617e291519b5b8cf0a  -
ml7728,maimunah,langenfeld,ce72bc0572f9eecfac8de7941793d0c7  -
es9557,emmajane,schnitzer,75b9efdb4f09e9be1dc49a6dae713345  -
rc1895,rhylen,christen,8f9b19931d2ee55c469446be44a97ffb  -
yd4659,yatzil,duer,7ba726397bf3cadb8a9de354427a50d7  -
qc5769,quintessa,cam,e8e5f6474c30c4793b78d5ddb915a6a8  -
ly2948,laylanie,yonkers,3df6082aef78f62da0d5d5d3af04ffb7  -
rb2184,rocklyn,balla,2d768293854ad4b8bc59b2796f5c2ac1  -
tr9863,teddie,rowlands,222c95b972828cae8b3cdd990bff2ded  -
ak5516,akyrah,kircher,24e00110c28c59f0d234898662756942  -
as8911,adra,sugiyama,2f6b46385acd67863d581723df529f36  -
eb9576,eliane,bowling,f5671d1ded277a8db3ee20dd7ea6f2c3  -
sd6446,sirinity,dula,97a73550840f3c947e01c2d37c90db79  -
th1156,takoda,huntington,c2f5bf6131346f8a6597fb0cefc9d2c1  -
sp2173,sinclaire,pecha,d13a9e0e9a7a4541d0fac708abc49b9d  -
rm8620,ramiah,mcdonald,159dd189f75621647efc33428af94d25  -
vl2567,vivia,lahman,f6c0ab2717d0083d44730f6a79009d02  -
bc2399,blayze,chmiel,0a5e80753c268d949419dabc951a8801  -
sc7783,shila,carmona,1a7ff871a48b37c5e338bc33c2505873  -
rb9928,rachael,bhatti,c0c7845aea42165e7e4283c74633306c  -
mt9480,makaylynn,tangen,8e7f689057fb83a09130df9687153a99  -
lc6839,leeona,clerk,dc1578f8ac069f4ecb08cb8d067bbfd2  -
lf9492,leyton,fulgham,282c890fc2b72550cff2d59a6fb2e7d1  -
ac6800,aslin,canady,87167976ff5eb28b9c782248f7088e5a  -
fc2311,farhiya,cedillos,8d0f6adc82198ccc8def001feb6b49a8  -
sk8399,skadi,kroll,3b35713093f15eaf02b482099581b267  -
xs2165,xara,seckinger,130398938b6ba566d0d6082f68da7c84  -
dm4136,daelyn,menefee,e2097f7fbc52ad24832ba723ffeeab47  -
zs6076,zaniylah,stalker,6b02709692b906912cdbb4e31eb6b998  -
kr5749,kamilyah,rustad,0c3dad5ea2dd6afb460f3eb3eb081f81  -
ot2433,ohana,treanor,9cb3d83d8c091d0584ebfe194535928e  -
te4444,tyaira,eggleton,ee009789fee44723c0171ce87288eae6  -
bb7891,breonna,broeker,a0c183d0a30c7e8cab8b720ef276519f  -
jc2531,janise,croskey,91dd005750e6c0f8231aea4f1d03f681  -
fg4643,feather,garske,0b08e9ef1af0d8f2b38bbd4cff1d7b84  -
jd6860,jessabelle,dewitte,ed8aa4589700ccfd7f11ce6f9565a49f  -
ya9369,yahvi,axton,790587ff523153b997749de2f110c5d9  -
mw3954,myiah,winegardner,070360c45cfd5da2ee3fffe5e4439694  -
kb4328,kaye,booker,15c7e76d0ce746cb4d337e52fa6ecac9  -
lv5595,lynn,vandermark,22df82de4cf9888e15df64119334f073  -
jb9579,jalaiya,baylor,babde781906cf455653c855768f1533b  -
er5419,emra,rago,99350acf25ca9cc2fb81c4d5a46f97b2  -
lf9764,lehlani,fairhurst,9cb182eb20c799ae71b541d312de9bb4  -
kw5300,kennedii,wadley,b461aca7891905699cd9521891d55537  -
vk2563,violetta,killings,324f3f199a9048e0f159fcd9aa4840bc  -
lv8524,lesley,volker,87dcfdc979ffc998cd36c90a87851a5b  -
il2131,iqlas,lauro,154e98b681f685a25f16a6a13a436ef5  -
is6856,israela,satterwhite,b92e6b715a1a9ecdcbc1284df3bc60a7  -
nm6559,natiri,mendes,51beb08c310d42d08e312794848e2354  -
an1825,allysson,neary,fef51d5a05d5bb86d9871a6ad6dedd55  -
rs8771,riki,samuelson,13fa2a277349220e5c2e672e3af9db5a  -
aa6585,arlyn,acord,b3f5f675182d8706c2b7c6d83944819b  -
dg2637,darah,grimm,360728cf6c6da24495b238464cb72318  -
vs9839,vung,searles,eac9141e923437cbb7476607af807e41  -
sg5444,serena,greig,7a0a3855701ee3e97da9d5d45723ffc6  -
lf1473,liahna,fluitt,17b2df02173288d9536c12aada6c123e  -
zw4422,zayley,waddell,2dafedcb015ca39f1e9be78b4c33e2be  -
lc9442,lilja,cavanaugh,5898a41d17b0464d9cbf4e9c20da3028  -
sd6787,senna,dia,13456d7654f2ffa0359204e5bd161568  -
ls4473,loralynn,stouder,e2cbb9fa957f50312520686c52a6d390  -
xl5568,xiyan,loverde,b2905076b336b8c9664c10c25ff5904a  -
lb6302,lamoni,baccus,c038573b3fbbfb8b4c0f6d873f77b0ba  -
kf1935,kristianna,figueira,8f772fc525277c08cd239a24037d2b59  -
nb5444,niala,barrantes,ce98398efb2e450d671114747a76a4c2  -
gf7084,greylin,freyer,fa1b344bf26a2685fa148ebe29b6ea82  -
zh2223,zynique,hartke,72a4def52cfd373440c5732dd335cf13  -
hk6498,hidaya,kahn,60cbfdc94ff4a59eaffa6e82121334fb  -
po6872,pranshi,oppermann,5464e53594d456742c2d6ccfb28e808b  -
hr5817,holdyn,riedinger,56e513a54d39c2fc402825ca4216a35f  -
sa3320,simra,addison,1600b679edb54d006b55389ded729890  -
mm7036,myer,meckley,83d7fd4f8fb8ae24415ea5cdff445b3a  -
as3222,ahleah,steed,9b9096c76a975520567be4fc4f4d2356  -
jc2584,justin,cullison,257271543f35d7030b1cf3cd3ce586f9  -
dz6181,daleyza,zhen,9217a976ef6d7adb1216be9a67de721c  -
eu1124,emerii,uhler,5aab34480698922ee8c32f948393af04  -
ks2461,kayliee,sermeno,cf2465a0472e2de6fb212f8b1c84e16c  -
rs9511,raani,sciortino,8217c549b454cb5d89b99f771d7899fe  -
pj6715,parker,jaques,64b9bc1a4a637d1569789f8879dce6bf  -
sd6959,siham,devins,3d1c230c7a5e562c3c5961f1c62e1174  -
cg3934,cirilla,garth,355fe6cab5dbd62ee820315daa0dda0a  -
kp8354,kaashvi,pew,c10ab7554820c697ce08e2c4dc9626d5  -
dh4900,dorian,hilden,8b8879ebd1a4a3ce1247209ddcc569a8  -
il7106,iniya,lantz,00af1e216f3b4b83e4dad587f210f971  -
lm7788,lauralynn,mondy,a1f82f9ce6782f9eec8a93699863c4d1  -
mm1552,mileva,muise,50898ec5b1d70d55f73dcc57b28945bd  -
cm1201,colleen,moffett,a1fb60aa4c98613ab7cc73847c0ec9a9  -
sp2958,simar,pecor,55fd16c7c90b8cb12f94820da6cb181a  -
cc9922,caileigh,ciesla,383ff98e560c7d32593ddd867187d3ea  -
jw5806,jalyrica,wade,041dc6385aee1c07b8b1837e854238d4  -
jb3882,jasia,boudreaux,591c23d8270fa8fd2d6cb124f1f9b169  -
lv2678,leni,vanscyoc,8bf36417f1dc0643652644e70c909bf3  -
yf8526,yalexa,farney,6dae81dd4d9fff07c17ffa6eb2007208  -
ns4566,nzinga,santillano,0e01a1549c9e2488ecab865c042567f5  -
yh7928,yazmina,hundal,bee52854a7e85a73699f92423bde8d21  -
ab1438,amonii,bickford,825d8d4ac472f37cfeedfa00b15024fd  -
ms5107,macarena,strahm,28ca8ce53ae00181937ef7108ba0de65  -
dm3433,dilara,morlock,bd3a381f0bb023d011c7d1306d732041  -
ap3060,aubreigh,perz,f109722d812302e2512f97674e2ad42a  -
kk4843,kinslee,kill,818e97c5f40d966666a047723a32ccc1  -
hs5276,halston,shatto,59eb5cb37b8b95b1a8266ce5a90b97e0  -
aw5979,aline,woomer,b3006e6c8420eb3d818caa58c29489d5  -
tk6694,taliah,kern,817d03273e0a1a3e936cd33ce5c1ba34  -
bg4640,bryana,gwinn,47297c6af6f53bcb97552d17b0fc1524  -
lp9103,lilith,politis,2b9e6e1509b2950d58df6eeb084236c8  -
ms4410,malaina,stankus,f3f33e17b854064ff24a392666724c4d  -
ke3311,khadija,egolf,24edd94fff7901713f43f789b4845c11  -
kn6173,kaleia,neville,05b03a92246a6021286bd291b59307da  -
ep4915,elba,pohl,505b50a1c69adfd629db9345894be3b9  -
mb6570,mirely,brabham,4ca34e3bc9f7f51e7225149d7d972d7b  -
sa7462,sieanna,antony,9783078d3fe6f64edc246c635e2324ec  -
cd1237,cyleigh,deitsch,acb9ba647371bf87891b52d4c84753e1  -
nn8319,nana,neu,3974b36d6988db2fb522031101c2fecf  -
nf2641,nyna,flamm,0da514aebf6d96a9ae648e2ee84327ae  -
jr9464,jaclynn,rho,4bd4ba33d4b36b973738d9a595239a0e  -
ct7983,clove,trautman,5519c24705086ff47abb6ed08bcc943b  -
np3953,nixie,ponte,434fe3ab5472d59d788be3fd448248f8  -
jh7771,jaqueline,harter,02b82ed47b7f39e82209510c28511067  -
zo8103,ziamara,oberle,0afa4f99734f6c8b8a97b68f38424cbd  -
is8483,isabell,schuch,cdd94285b1f1fc9cfd93dcad863a24e0  -
cg4767,cortana,gressett,bb4a22a07811c6e75516c1bef99d487b  -
rc6734,rhyder,claffey,8124785d6c8f0e83d28a4aae11e506ea  -
au1517,athanasia,urbaniak,2a09d4f80feaaa8f14d370c2a7339189  -
bs1035,brentleigh,sack,1b83039c3b07e69d22dd0b45afc8cf40  -
ks5235,karlei,schomburg,814e2a6d77330fb84078adc7c9af89ce  -
cd7133,coralee,dumais,bcc6cddf32fa927e85212905abf7291c  -
db6949,delanee,brinkmann,4a1bd27aad9bd6e50bd3a2bbd2a1b7b1  -
cu7369,camaria,utterback,391c035ed1a6e277ba57f279f8594e67  -
nm5139,nimrat,merenda,32be7b9129c86393f29202522c8f42a3  -
je7690,jentri,ewert,22671a60ea1c03ed0a656700433d7e43  -
am7455,arriya,melson,d2f5cc0c0274737f440efbf9826dd3dc  -
kg4853,kaveah,guyton,635f1bca2323e7beb676ffbc762c4f2d  -
el6118,esperanza,lux,e6ea17f1de820c8d3020b6d53cf3c6d7  -
ml3539,marykatherine,lynne,caf07d51179a4bf94280dde43d4c9554  -
mc9689,mellani,coyer,dd3defa76056ad687ca2b9bb00e0cc24  -
ec7696,emmori,cogley,2ae171d77cb27f38b634aac866da5d67  -
kf6801,kalley,fowlkes,d32d092d55c9c7b10efa15187aa7813a  -
cb6253,canaan,baratta,4d15e4d7ea2a2b12da516d4c0ae9e08b  -
cn8927,chrislyn,najjar,bab840df579d9a876ca8ef58de82f774  -
vq1361,victoire,quayle,1dd375d0e9a494de39577b0bc3c8f0cf  -
ab6761,amyriah,beckstead,f66e4b0264ae2d24771deaf1d33d5234  -
fm8577,fynnley,mckie,d0d4db3040822379aaf73c314fad134d  -
vr5524,vena,reade,46c93176d6faccb447469879a99378e6  -
kk1077,kiyanna,kalmbach,c1f2c89e29e8a5d587af96e933a11772  -
mt5758,maryanne,toal,64a5c89d473d7423d4997612dd3e81a2  -
lh3484,lia,hitchings,4a0a5a9bf6fc276a58808aab370783e9  -
eg8550,emmalyn,gartner,5bce9b6fd5847a6e93146c3ff4f866c8  -
as1352,amiya,schlecht,f1511d1f5d3681bf1db8d7faecc75b6c  -
gp2545,genysis,peach,4ce6eee90b6f51521f22e01fe4918cda  -
ed7949,ember,dibble,275327825a019038c2a42654d8fd4f78  -
mc9089,marwa,cermak,af35fd2eb84720d1adcfc25ae3868096  -
hc4749,hazleigh,crowder,569fa76842a51b227b357afea04e20c2  -
ic9003,ivanna,cockburn,e606dfae5489e8c40dab0e774dc0c06f  -
zm7548,zikora,mohl,40b6528343cb573c1a7563d54137d6ab  -
zc5225,zoriah,cefalu,701facff2880816ce371672d9fbb8cf5  -
zo5426,zahira,ojeda,e55f33eeb76a459c1f86663f70f8e6c5  -
bk5020,berklie,kleiman,5044d0aa7f440e957786b87da229e194  -
rb7453,rilynne,bainbridge,ce09b4b772d5f9466b032b1e22c5f04b  -
mj6867,makinsley,joshi,56776c14bc2a33d807a347780f3759c9  -
zs2770,zeyla,stern,ec11c3fc09f31f169bfa8bc244afea64  -
ac5978,aymar,chaplin,e5cc1f449139d64426eddf3b24ae64f0  -
sm4904,sheylin,methvin,9147053f645a459ead75e3c42903f7e3  -
lm1032,laiken,messier,d73a81ba66c5204c6d77edce2203d942  -
ks5536,keylen,salaam,b4b1aa2a3ef2dcf1ba3106c0fbdb6591  -
nw8417,nilsa,wenning,1733128f198a9995344c05d91ded07a2  -
nr7542,nyeelah,rump,fe2371f8e9df874e643659ec604cfb63  -
lb5209,lorynn,bracht,416c1fcedfd9bc440dc1e049af478f0f  -
bm3916,beth,muha,a2bbb7b5ededab87ef5b7bdf0a66b834  -
tf8044,talaiyah,fall,96d135bdb9d13b7f16ee253dd018bacf  -
jw8125,jelissa,witty,0b45a6d9c584da497f348f8133331adf  -
zm3367,zeida,mescher,be80493fbab9f291ac023b77d473e486  -
am7383,aja,mongeon,45d0749b507ee3356bb0b4318f19ca5e  -
jf2169,justise,fair,44df9d0384c80d951dc56c7f7cec9420  -
ag6537,aleesi,glorioso,30f71aaa7e141e34fd3a08e9ac1220bd  -
ka9996,kaiyana,ayers,c791bf9b17a7ca22764543d0b6544665  -
ad8259,abagale,demmer,d03615cc6184e86e4f44e75d7da4c169  -
sh4365,shivanya,howle,08df46c9b582d4410434826596360735  -
ao7235,anvita,oum,d96d220a6174428ccd1fb5d931d6a4ae  -
fh5045,fianna,hopping,7cfeab9d24123669d94c3ec6b32810d0  -
cw9982,cataleya,widner,a06b016b05078b10a27d23124730338c  -
ac9399,ayverie,cogan,f6841e7c7c6f1fa312a5a70a9a9ffcd4  -
kp1249,kaylonni,perkinson,01a49501c6ddd51e1ff9cdf4427f74df  -
ar3062,amri,reiser,64f9cdfa015b5868f0c17fa964959068  -
pd9380,poet,diamond,9d03642b7576f8eaf5067fee7eb380b1  -
tp9505,thai,palin,4e8466b293420167fe1c31d78ca6d4b7  -
bv8384,bellamae,vohra,2224aa7364d66020383dcb587eb1d587  -
ar6205,ailee,ridley,d0d1bfe3d69cb15344ee76a994383e38  -
sm9063,synthia,maeda,1d63f40883af6b2c8c452942e112c2d3  -
cv9207,chi,victorian,5f2973479794e819ec739aff4d21827d  -
al4659,azayliah,lalla,6e612d073dedc698b64b7389bba4c3f4  -
er7949,ela,reading,f11eddf6afb5a0f0afea6411917f179a  -
em8008,ezmeralda,marcotte,53b6e452f72f230617e6b57e3e629339  -
lv8324,laurence,vath,f02366d840d206792a56f8875becf340  -
es2727,elysa,spiro,6b833cd506e700b22dc4017d69a9b7e3  -
tn4086,tora,necessary,3f427caf7800d713a0fcdc73be1fb08c  -
ea9272,evelinn,alpers,41d5133ad9ae1455f39aadab0a86adf3  -
sl1013,shaden,lockaby,6bd131e3426d0fefa263f40944914eec  -
av4676,ansleigh,villafuerte,93ce4364667debafa86ba5373b9ff36a  -
kg7388,kasiah,guernsey,ab73ec33d1786c1bce3ed875b653dd26  -
cw5550,celine,weeden,7518c2d77805b48daa906fc2d73a8d7d  -
kb9569,kelsea,barcena,746aac40967f5160edcc7028d4cdf909  -
lv7268,laynee,vess,13ffd8fa2a5c0df3f58fd395a36b8465  -
tl8021,taylour,lucio,18ad20f41f879fd68aec2272d1f96771  -
ds7380,deanna,sanders,52dadab9827cbe1bb2ca93323c7dea5d  -
kp5265,kamani,petrick,8fff358b9580f26c4ccebe2d4cd66fa8  -
wp3130,winry,pauli,eee3ae249a6e838f7dacc483e81fdda4  -
ks5974,kehlanni,sylva,14fe439bd8675ac0965dce5b3531d1ed  -
aa6480,amnah,adjei,804683ad3138673f1a54309d4137b5c5  -
aj9758,ahmoni,jetter,e4052626bd09f7804b489e20c0230987  -
kt9159,kelis,thammavong,5bd46a7bfeb0f6e2fafe18acdda5d3e7  -
rs7046,renn,southard,3475b3e2b6c0a5e5e7c15b08c1b10026  -
kt7151,kitty,thorp,c29c233057c4581e7c063cd40c336493  -
rt7828,racheal,tabb,dbe1b6c52c6681d9f923fa47c86aa02b  -
ag9728,amari,gilbreath,b44ae0bc73600d8a534d890a44c6a629  -
ka7047,kamile,abshire,e7f6240f673f90e4574f84bb29764573  -
yd3901,yana,day,180d75760c0a438f0fbe4edb8274e8b9  -
nd6976,november,dauria,81aaaa58c45e2ae01d8b50e4c797a5a6  -
lh9876,lealani,hodo,75b591fa7ec1c5c818d621a483055c65  -
aw9543,analyssa,warnock,d46f520014284331a23935749502a106  -
yh6626,yulianna,heaberlin,e8c841a88afccceb291a68cfdfc1cd30  -
ar1092,arlie,roser,f91497deeca6dad9af206f71feaaf5b8  -
dp7280,diyaa,pastrana,f9302711f35b41d5b0c2e57d446fab83  -
yc4721,yordanos,cozzolino,4f81d5265dd054329fb6026de519d4e6  -
cm9452,cedar,mires,2caa074afa85ba9955905d9df8c25ab3  -
mt2826,marialis,twitchell,896bdbe14edccfb556a9279277d122b1  -
cr7569,cleopatra,rempel,e33e756f28285109e0153289f58f3c43  -
ed1210,elliani,defalco,494f6762c24681537b23623c35119e6d  -
av3724,alesana,valvo,f4f53540d5be128fee6d4a7714d0ce77  -
tn4862,tyndall,najarro,9b87edaf85520ac7232c9c22f3ac430a  -
ac3739,aoi,chevere,4e4b7f689fa209cbe3e4ba773adc11f3  -
dr7965,damyiah,ruffo,176a717b659b4a1b18562e9d9a8ddab0  -
rc7690,rileyann,chica,f88ea4ceea0f8c3b61fcb521074bd19b  -
kr3532,kamaiyah,roquemore,6b7ac2f1d35ba58cb77eb278dd59116c  -
dr7415,dariya,remache,7e6ef5072b030a4b7b830c0f32233ed9  -
zk6691,zeinab,kozicki,d793bdf15ec71c133c79abe735a25489  -
cs6361,carlynn,scheffler,d5d317e9f8fa5fc7006cc20b135ecdd5  -
fd5399,fletcher,diab,a2273bb78afe5c6d794361c0607cae3b  -
cg7092,charisma,gillikin,e966597b51613c5324ae309ec9d6f31c  -
rh3341,riot,hong,d8d00ef1acb5944b6d4f350d956a22c7  -
ms7215,mykaela,sego,2cd9b13117617839449453db12c135c3  -
rr1633,rosalba,rimes,674c56c5d35bd6b14768350d78951333  -
ep8033,ellarose,pearsall,08c47fc2fb26918237d37f04de1732eb  -
kc6643,kember,cuellar,194c6c57eff624075e3ea922137d780a  -
dd7362,dayton,dana,6cc2495770db390b9d1cfe8f6cf2da38  -
nm6497,natsumi,milewski,c042516a4272ad987a9b2b747711cefc  -
al7545,annalena,liz,36c6d2c93e2e2b753f3e21050abeab1c  -
nh5947,natasha,hellman,ccf599cea5c90b982de96c1cda6769a1  -
jf6632,jayelle,firman,ae804275219d4fb94dd3bdf59c1371e4  -
bb1487,bobby,beidler,665948fbdaa0747e24c17dc2c5b164ad  -
oc6537,ola,chon,ef5f706e36e509cbe3d65055b5d8300b  -
bv1262,bessie,villalva,c3aadaee6c6e126dd168e16ba6183f5b  -
gz5723,garnet,zenon,a166c8921eda0f17a36f650ec96cacf4  -
bl7601,brynli,lipps,ecba86f11f4934ec8c33af86d6fbe60f  -
mp9736,majesty,panella,b094c513e04e9cbb03039785d8746e43  -
gr4335,gianny,raimondi,bd3950a91cd2fb4a299c83e23afafa1f  -
cm2040,carine,meagher,48265eab1479a53936b73e257555bed2  -
af3494,amy,fei,88ff599d7f4e18c00d451140db61f46e  -
jb4658,jaylianis,babic,24740258797e0467dae953f8bab5a7fb  -
zl7779,zalaiyah,litt,afbc68840fcceed7135bde3e12671bff  -
pc8180,preston,constancio,8c0407d6a09aaf7e1b8596d8a2e5e814  -
mm8876,maame,mackowiak,3c585607487f955cba2c108574a68c20  -
mm2002,munirah,moscato,7833fccad325715fdb02b4e8487a7e4b  -
mh2087,maloni,haun,07013fb74b4e906c247ffc5a17e9e60d  -
sg7489,shrija,guilbeau,bf670c25dada24d4a8c4c8993e73e5bf  -
ht7802,harmonee,terpening,7371cc17dd8c4ac5e3e416aee19ef8fb  -
mb9729,miko,basulto,3980735e419cbf8e3485404abefb2ad3  -
ha6996,haidy,alexandre,fd7f5e186cb216515b1c723ebbd21c00  -
ss9391,scotti,siedlecki,cdce0cae2839a98d7b07f78b50b6d49b  -
gs8067,giannina,sivakumar,5ba9da0d061cb0c5a135088a299feb63  -
aw5372,akari,wilder,777c9b821fa588f3686a78e468079434  -
dw8366,davia,witherell,bc0ec933068ac5248e2666a175ab9f65  -
aw8460,alaynah,wagaman,3bf2e365cf73d96cbffbccefeada9ed3  -
le1499,leti,ewan,0241f4e4e3a57b26cc2fa509627ae68f  -
hs1019,hazelee,sanjuan,6576904a6464b8d6b15add21238e1a97  -
av4744,anaika,vrooman,36e252875f8e04485ba6e94985cddafe  -
co2984,constantina,ost,4fa831ae7acf91d459b159de6eec6935  -
ss8849,skyelar,senko,16ea141e6fd5419f101d6562cfc950cc  -
ap2523,alexy,perales,4090c76556ec64603d808c6273c3b4ff  -
yb5571,yohana,burrell,117308ba56aba5ed80858997a464e675  -
ap1001,aeiress,purpura,608a397d7ffaaae309865278e03ccda4  -
mp4610,makylah,parke,6f2e867b53b4f71f7a68fad3a665e940  -
jl9102,janee,larimer,fe62ea65dbc6f6a3309ee8a3cc6e7af3  -
ds2403,devan,staggers,98cfe85f057d6d4f2da8a793a9350b99  -
ep8568,elira,pinedo,ef1d64d0dec905424349529458faad94  -
lw4980,leonila,wirick,e5a47c4c814e8569d6867f4438f294bf  -
zr3183,zahara,reinsch,bab952c35855a091b41ebd69fd751418  -
mb6872,midhuna,boatright,91c6f8c2dfa02923cf0bb3e4da86f05f  -
kt7685,kylene,theobald,d6af9a6bf20bd9cd572b74e4fc5937cf  -
ls4461,livie,salzman,a7d837c3606be62c2039cada22b763f3  -
ln5278,lianni,nitta,6a4aef02970d11fe739a520d70a1fed4  -
dm9578,daraly,maqueda,edb6f75d85836d3fac9e96f097372017  -
nr1483,noela,roys,837a38ac8862daed751d5f29f4880407  -
cl3910,caraline,lubas,d9ed5ec3ffd1335a3cdb4913e99fe303  -
